area,classe,year,Bacia,percent
11804.61603067572,3,2016,7754,6.45
70005.71995505021,4,2016,7754,38.22
266.5182457344086,12,2016,7754,0.15
100340.5913334569,21,2016,7754,54.79
621.9223478833239,25,2016,7754,0.34
103.94293347366629,33,2016,7754,0.06
11770.012851392212,3,2017,7754,6.43
70403.92356939419,4,2017,7754,38.44
293.3312261718033,12,2017,7754,0.16
99962.57662904792,21,2017,7754,54.58
653.0732658310598,25,2017,7754,0.36
60.39330443811752,33,2017,7754,0.03
11698.70761373971,3,2018,7754,6.39
70854.98189798735,4,2018,7754,38.69
297.72762644706,12,2018,7754,0.16
99497.54726811008,21,2018,7754,54.33
712.7677048101222,25,2018,7754,0.39
81.57873518260281,33,2018,7754,0.04
11681.767918184369,3,2019,7754,6.38
70981.8693452896,4,2019,7754,38.76
269.98398398394346,12,2019,7754,0.15
99328.25672221428,21,2019,7754,54.24
733.3145283481973,25,2019,7754,0.4
148.11834825865492,33,2019,7754,0.08
11653.063590724185,3,2020,7754,6.36
72255.7153656813,4,2020,7754,39.45
304.1362928950766,12,2020,7754,0.17
98058.91166346746,21,2020,7754,53.54
717.797665026162,25,2020,7754,0.39
153.68626848347975,33,2020,7754,0.08
11665.563795592943,3,2021,7754,6.37
72719.23949097714,4,2021,7754,39.71
349.2361784211038,12,2021,7754,0.19
97545.64745034308,21,2021,7754,53.26
718.2969628712625,25,2021,7754,0.39
145.3269680662388,33,2021,7754,0.08
11795.22005004912,3,2022,7754,6.44
73941.40110957593,4,2022,7754,40.37
332.1657465308337,12,2022,7754,0.18
96104.29005118064,21,2022,7754,52.47
707.8401617200927,25,2022,7754,0.39
262.39372721643826,33,2022,7754,0.14
11801.751792595402,3,2023,7754,6.44
74052.81700973527,4,2023,7754,40.43
276.8136499105291,12,2023,7754,0.15
96054.56254842268,21,2023,7754,52.45
710.7110652678616,25,2023,7754,0.39
246.65478033806352,33,2023,7754,0.13
1028.914805565356,3,2016,7581,0.15
265421.89234190463,4,2016,7581,39.84
466.1998880013485,12,2016,7581,0.07
385179.1108474253,21,2016,7581,57.82
11475.890081307336,25,2016,7581,1.72
2589.0897176634085,33,2016,7581,0.39
1036.6291197926982,3,2017,7581,0.16
262255.2810521066,4,2017,7581,39.37
587.1094637082789,12,2017,7581,0.09
387383.9913379472,21,2017,7581,58.15
12414.515607512358,25,2017,7581,1.86
2483.571100806098,33,2017,7581,0.37
1035.09700622499,3,2018,7581,0.16
255948.9467133501,4,2018,7581,38.42
567.638356652616,12,2018,7581,0.09
392127.2774136759,21,2018,7581,58.86
13124.361629603369,25,2018,7581,1.97
3357.776562354496,33,2018,7581,0.5
1040.5945255085328,3,2019,7581,0.16
250435.7150470149,4,2019,7581,37.59
482.09120232836,12,2019,7581,0.07
397190.0717336731,21,2019,7581,59.62
13747.62505381127,25,2019,7581,2.06
3265.0001195084164,33,2019,7581,0.49
1037.472924424285,3,2020,7581,0.16
245661.99117625607,4,2020,7581,36.88
415.8155329008695,12,2020,7581,0.06
400939.2057820229,21,2020,7581,60.19
14036.266576786824,25,2020,7581,2.11
4070.345689430488,33,2020,7581,0.61
1032.6583320308928,3,2021,7581,0.16
243611.6463697884,4,2021,7581,36.57
351.5681846892001,12,2021,7581,0.05
403147.651882642,21,2021,7581,60.52
14202.611811414436,25,2021,7581,2.13
3814.96110124353,33,2021,7581,0.57
1029.696736826748,3,2022,7581,0.15
243551.7911561203,4,2022,7581,36.56
261.3191312055047,12,2022,7581,0.04
402424.0160150128,21,2022,7581,60.41
14087.034568308609,25,2022,7581,2.11
4807.2400743441385,33,2022,7581,0.72
1029.6357412488048,3,2023,7581,0.15
243985.51200683165,4,2023,7581,36.63
204.0411875675936,12,2023,7581,0.03
401320.2012896912,21,2023,7581,60.24
14411.321953530629,25,2023,7581,2.16
5210.385502937579,33,2023,7581,0.78
828.32823502884,3,2016,7625,8.81
5989.341174802468,4,2016,7625,63.67
0.0295022622740502,12,2016,7625,0.0
2575.376221706224,21,2016,7625,27.38
13.13000387647442,25,2016,7625,0.14
828.765625873567,3,2017,7625,8.81
6009.035056939493,4,2017,7625,63.88
0.0295022622740502,12,2017,7625,0.0
2554.807595770385,21,2017,7625,27.16
13.567356830575982,25,2017,7625,0.14
832.7188969178433,3,2018,7625,8.85
6000.139495830663,4,2018,7625,63.79
0.0295022622740502,12,2018,7625,0.0
2558.2696580883808,21,2018,7625,27.2
15.047584577181944,25,2018,7625,0.16
828.575095755303,3,2019,7625,8.81
5977.394829744634,4,2019,7625,63.55
0.0295022622740502,12,2019,7625,0.0
2583.3214728344783,21,2019,7625,27.46
16.446889813998347,25,2019,7625,0.17
0.437347265625,33,2019,7625,0.0
826.3376390169503,3,2020,7625,8.79
5917.920397449185,4,2020,7625,62.92
0.0295022622740502,12,2020,7625,0.0
2645.0196847302927,21,2020,7625,28.12
16.89791421752929,25,2020,7625,0.18
823.8885148043036,3,2021,7625,8.76
5859.81164873404,4,2021,7625,62.3
0.0295022622740502,12,2021,7625,0.0
2702.603703141482,21,2021,7625,28.73
19.78430209594726,25,2021,7625,0.21
0.0874666381835937,33,2021,7625,0.0
821.1904613232406,3,2022,7625,8.73
5813.564245391542,4,2022,7625,61.81
0.0295022622740502,12,2022,7625,0.0
2750.802473524004,21,2022,7625,29.24
20.09364127130246,25,2022,7625,0.21
0.5248139038085937,33,2022,7625,0.01
821.4834191349985,3,2023,7625,8.73
5798.621893320534,4,2023,7625,61.65
0.0295022622740502,12,2023,7625,0.0
2767.813435770289,21,2023,7625,29.43
17.119736925599334,25,2023,7625,0.18
1.137150262451172,33,2023,7625,0.01
199.99127271857785,3,2016,7584,0.02
684448.2678311644,4,2016,7584,56.53
42303.51101121116,12,2016,7584,3.49
472504.82657562353,21,2016,7584,39.03
9823.0879003319,25,2016,7584,0.81
1478.813068013868,33,2016,7584,0.12
203.17835197272825,3,2017,7584,0.02
668997.6228447405,4,2017,7584,55.25
42909.96655420509,12,2017,7584,3.54
485786.3861678946,21,2017,7584,40.12
10994.558994010576,25,2017,7584,0.91
1866.784746213404,33,2017,7584,0.15
206.01156717048207,3,2018,7584,0.02
651696.2599330258,4,2018,7584,53.83
31875.46699807929,12,2018,7584,2.63
509623.19105029415,21,2018,7584,42.09
13191.468846634103,25,2018,7584,1.09
4166.099263824428,33,2018,7584,0.34
206.63128065925164,3,2019,7584,0.02
625949.6460579069,4,2019,7584,51.7
27836.802446323967,12,2019,7584,2.3
538750.0869259877,21,2019,7584,44.5
14436.17080031255,25,2019,7584,1.19
3579.1601478070843,33,2019,7584,0.3
206.4542200818591,3,2020,7584,0.02
608201.5891528514,4,2020,7584,50.23
30259.624954147348,12,2020,7584,2.5
550985.9154674379,21,2020,7584,45.51
15008.699654017324,25,2020,7584,1.24
6096.21421047371,33,2020,7584,0.5
204.06273374152704,3,2021,7584,0.02
601807.8100528996,4,2021,7584,49.71
32692.01633879595,12,2021,7584,2.7
556591.6448355706,21,2021,7584,45.97
14962.240877918155,25,2021,7584,1.24
4500.72282008682,33,2021,7584,0.37
203.08832775397823,3,2022,7584,0.02
601095.2975800293,4,2022,7584,49.65
31209.173261397555,12,2022,7584,2.58
559716.5578079306,21,2022,7584,46.23
13775.6563943404,25,2022,7584,1.14
4758.72428757126,33,2022,7584,0.39
202.55687119880247,3,2023,7584,0.02
606696.1237461878,4,2023,7584,50.11
26763.53043541318,12,2023,7584,2.21
560634.7519853362,21,2023,7584,46.3
12279.574380013397,25,2023,7584,1.01
4181.960240881028,33,2023,7584,0.35
238343.5825684628,3,2016,751,17.96
898623.4079368772,4,2016,751,67.7
7803.066098960448,12,2016,751,0.59
120124.07307200375,21,2016,751,9.05
42408.79148288311,25,2016,751,3.19
20136.11204159849,33,2016,751,1.52
240468.85941087623,3,2017,751,18.12
893187.4325969319,4,2017,751,67.29
7862.124457941749,12,2017,751,0.59
122158.56945264274,21,2017,751,9.2
41600.29484523438,25,2017,751,3.13
22161.7524371596,33,2017,751,1.67
240895.4309301388,3,2018,751,18.15
889712.125355699,4,2018,751,67.02
7872.221733413104,12,2018,751,0.59
123336.62007830622,21,2018,751,9.29
41759.52824171308,25,2018,751,3.15
23863.1068615044,33,2018,751,1.8
240993.5624987468,3,2019,751,18.15
885738.6044457551,4,2019,751,66.73
8302.475671882958,12,2019,751,0.63
126126.20233450552,21,2019,751,9.5
40784.332311008046,25,2019,751,3.07
25493.855938873345,33,2019,751,1.92
241182.02076838547,3,2020,751,18.17
882124.6341572184,4,2020,751,66.45
8225.600251763057,12,2020,751,0.62
129261.48438329692,21,2020,751,9.74
40738.366260318086,25,2020,751,3.07
25906.92737978805,33,2020,751,1.95
241234.10861304268,3,2021,751,18.17
875485.245947711,4,2021,751,65.95
8118.920063914325,12,2021,751,0.61
136256.7551576544,21,2021,751,10.26
40909.38497409804,25,2021,751,3.08
25434.61844433921,33,2021,751,1.92
240713.9463423236,3,2022,751,18.13
867426.4964877465,4,2022,751,65.35
7277.251570276231,12,2022,751,0.55
143843.06019853344,21,2022,751,10.84
40804.09675588549,25,2022,751,3.07
27374.18184599087,33,2022,751,2.06
240390.1977527412,3,2023,751,18.11
866014.5559286826,4,2023,751,65.24
7190.214554293949,12,2023,751,0.54
145385.0532797928,21,2023,751,10.95
41059.875432812274,25,2023,751,3.09
27399.136252435503,33,2023,751,2.06
35883.629617744045,3,2016,752,2.55
1167603.7060644056,4,2016,752,83.06
1398.1494030257145,12,2016,752,0.1
182673.18320898447,21,2016,752,13.0
11081.744014735958,25,2016,752,0.79
7038.658623282427,33,2016,752,0.5
35721.191503939,3,2017,752,2.54
1171410.0715495744,4,2017,752,83.33
919.8699259810378,12,2017,752,0.07
175257.78199926854,21,2017,752,12.47
11297.295810884876,25,2017,752,0.8
11072.860142565802,33,2017,752,0.79
35639.45315641418,3,2018,752,2.54
1170164.5862868782,4,2018,752,83.25
658.859229646187,12,2018,752,0.05
173815.0370586196,21,2018,752,12.37
11828.222702689343,25,2018,752,0.84
13572.91249796739,33,2018,752,0.97
35525.08680893056,3,2019,752,2.53
1165863.1540106118,4,2019,752,82.94
560.7477306471644,12,2019,752,0.04
172906.68818216625,21,2019,752,12.3
12054.880244412763,25,2019,752,0.86
18768.51395548118,33,2019,752,1.34
35359.33360308187,3,2020,752,2.52
1155794.3797013853,4,2020,752,82.22
522.6996865562046,12,2020,752,0.04
180931.5505344971,21,2020,752,12.87
12234.593181928009,25,2020,752,0.87
20836.514224786584,33,2020,752,1.48
35190.39963352438,3,2021,752,2.5
1145741.8156585735,4,2021,752,81.51
603.7166746113136,12,2021,752,0.04
191266.12597517463,21,2021,752,13.61
12402.046582238894,25,2021,752,0.88
20474.966408094373,33,2021,752,1.46
34972.33685780791,3,2022,752,2.49
1125990.5994769707,4,2022,752,80.1
497.0014414035929,12,2022,752,0.04
208975.73596640024,21,2022,752,14.87
12395.951062368384,25,2022,752,0.88
22847.446127262578,33,2022,752,1.63
34921.3194976619,3,2023,752,2.48
1123290.734341284,4,2023,752,79.91
397.56394498901307,12,2023,752,0.03
209156.84467768663,21,2023,752,14.88
12647.556426431458,25,2023,752,0.9
25265.052044174496,33,2023,752,1.8
9287.091032947634,3,2016,7616,0.65
781354.2731788898,4,2016,7616,54.97
9643.773873396312,12,2016,7616,0.68
612464.5388951089,21,2016,7616,43.09
8284.188587188424,25,2016,7616,0.58
0.877785400390625,27,2016,7616,0.0
267.6410743394076,33,2016,7616,0.02
9389.03902006249,3,2017,7616,0.66
771308.8271464998,4,2017,7616,54.27
9907.149235252287,12,2017,7616,0.7
621471.2642266289,21,2017,7616,43.73
8984.044346482224,25,2017,7616,0.63
0.7898342651367187,27,2017,7616,0.0
241.27061803722867,33,2017,7616,0.02
9441.22551118852,3,2018,7616,0.66
730266.3955819216,4,2018,7616,51.38
10162.794369149622,12,2018,7616,0.72
661553.6298653067,21,2018,7616,46.55
9636.876695420346,25,2018,7616,0.68
0.7898342651367187,27,2018,7616,0.0
240.6725700095019,33,2018,7616,0.02
9444.14842344886,3,2019,7616,0.66
717694.2942242232,4,2019,7616,50.5
10662.114216238357,12,2019,7616,0.75
673739.8594270749,21,2019,7616,47.4
9536.377950160217,25,2019,7616,0.67
0.877785400390625,27,2019,7616,0.0
224.7124007284961,33,2019,7616,0.02
9506.663530620008,3,2020,7616,0.67
699829.464942589,4,2020,7616,49.24
10829.443626153025,12,2020,7616,0.76
691475.7769876989,21,2020,7616,48.65
9431.430574755292,25,2020,7616,0.66
0.7898342651367187,27,2020,7616,0.0
228.814931225011,33,2020,7616,0.02
9422.724786878416,3,2021,7616,0.66
685314.2911174218,4,2021,7616,48.22
10777.47226427445,12,2021,7616,0.76
705795.6607101994,21,2021,7616,49.66
9765.787523340716,25,2021,7616,0.69
0.5267884399414062,27,2021,7616,0.0
225.9212367486928,33,2021,7616,0.02
9394.009290417243,3,2022,7616,0.66
654173.5726257622,4,2022,7616,46.03
10651.735809361086,12,2022,7616,0.75
736920.1158123882,21,2022,7616,51.85
9824.5843214744,25,2022,7616,0.69
0.6147395751953125,27,2022,7616,0.0
337.7518282988418,33,2022,7616,0.02
9387.496003777844,3,2023,7616,0.66
655518.7020138381,4,2023,7616,46.12
9074.571446723196,12,2023,7616,0.64
736849.0957338446,21,2023,7616,51.84
10158.880508558776,25,2023,7616,0.71
0.6147395751953125,27,2023,7616,0.0
313.0239809655277,33,2023,7616,0.02
317887.7664682551,3,2016,745,48.64
299208.3702110551,4,2016,745,45.78
1153.362951295336,12,2016,745,0.18
30428.10476221092,21,2016,745,4.66
3811.308962741741,25,2016,745,0.58
1061.2007263244652,33,2016,745,0.16
317692.65993754985,3,2017,745,48.61
299261.1365731391,4,2017,745,45.79
1104.8699985291232,12,2017,745,0.17
30300.00099807673,21,2017,745,4.64
4122.983727737275,25,2017,745,0.63
1068.4628468566957,33,2017,745,0.16
316988.48183063965,3,2018,745,48.5
300223.145641967,4,2018,745,45.94
1200.850197829638,12,2018,745,0.18
29946.874066083205,21,2018,745,4.58
4054.862737830291,25,2018,745,0.62
1135.8996075378464,33,2018,745,0.17
310891.3944580412,3,2019,745,47.57
305908.618793766,4,2019,745,46.81
1191.9242938217835,12,2019,745,0.18
30462.55062669794,21,2019,745,4.66
4058.523073375393,25,2019,745,0.62
1037.1028361755436,33,2019,745,0.16
308791.03996337415,3,2020,745,47.25
307348.89246571506,4,2020,745,47.03
1309.947278918175,12,2020,745,0.2
31069.773296054067,21,2020,745,4.75
4024.36769174697,25,2020,745,0.62
1006.0933860656776,33,2020,745,0.15
306364.43801858096,3,2021,745,46.88
309796.0980693688,4,2021,745,47.4
1329.8186331456343,12,2021,745,0.2
31050.76034667345,21,2021,745,4.75
4003.534016011536,25,2021,745,0.61
1005.4649980957062,33,2021,745,0.15
312817.6358791006,3,2022,745,47.86
302424.905537742,4,2022,745,46.27
1195.7251191535267,12,2022,745,0.18
32126.505377338144,21,2022,745,4.92
3952.668771070704,25,2022,745,0.6
1032.6733974670449,33,2022,745,0.16
312709.38893327024,3,2023,745,47.85
302104.3292168998,4,2023,745,46.23
693.5896297254345,12,2023,745,0.11
33119.52054789264,21,2023,745,5.07
3940.1415844244298,25,2023,745,0.6
983.1441696655352,33,2023,745,0.15
46.73359484863281,3,2016,7424,0.01
793261.5252644655,4,2016,7424,85.94
4342.258018394591,12,2016,7424,0.47
123935.10299503076,21,2016,7424,13.43
1331.3412035565786,25,2016,7424,0.14
112.34702875976564,33,2016,7424,0.01
50.02101717529297,3,2017,7424,0.01
800221.8818431875,4,2017,7424,86.7
5028.092846626279,12,2017,7424,0.54
116110.77141320276,21,2017,7424,12.58
1496.240542716734,25,2017,7424,0.16
122.3004420715332,33,2017,7424,0.01
50.28755750122071,3,2018,7424,0.01
800319.0227276849,4,2018,7424,86.71
5840.561769318327,12,2018,7424,0.63
115001.258331414,21,2018,7424,12.46
1668.4160717201148,25,2018,7424,0.18
149.7616473571774,33,2018,7424,0.02
50.3764068725586,3,2019,7424,0.01
804771.0910310945,4,2019,7424,87.19
5912.009737993182,12,2019,7424,0.64
110441.40944400728,21,2019,7424,11.97
1701.1040073415004,25,2019,7424,0.18
153.31747767944302,33,2019,7424,0.02
50.3764068725586,3,2020,7424,0.01
800515.1447596872,4,2020,7424,86.73
5550.496403860085,12,2020,7424,0.6
114949.29158306256,21,2020,7424,12.45
1804.8188207913008,25,2020,7424,0.2
159.18013071899395,33,2020,7424,0.02
50.3764068725586,3,2021,7424,0.01
788842.2701971392,4,2021,7424,85.46
5147.028383169047,12,2021,7424,0.56
127083.61735626328,21,2021,7424,13.77
1773.31978088652,25,2021,7424,0.19
132.69598073120116,33,2021,7424,0.01
50.3764068725586,3,2022,7424,0.01
768272.3992500157,4,2022,7424,83.23
3529.761218748066,12,2022,7424,0.38
149309.1377920517,21,2022,7424,16.18
1696.8856540075726,25,2022,7424,0.18
170.74778349609323,33,2022,7424,0.02
50.3764068725586,3,2023,7424,0.01
768543.1645702185,4,2023,7424,83.26
2355.904523552153,12,2023,7424,0.26
150393.19638012987,21,2023,7424,16.29
1490.5105192358424,25,2023,7424,0.16
196.15570517578104,33,2023,7424,0.02
8792.290657066016,3,2016,773,2.34
59437.601845714125,4,2016,773,15.81
102.63777586059572,12,2016,773,0.03
297402.7094908364,21,2016,773,79.13
9970.998548072015,25,2016,773,2.65
157.87769279067095,33,2016,773,0.04
8729.492869500053,3,2017,773,2.32
59594.69288741477,4,2017,773,15.86
110.68324840698254,12,2017,773,0.03
296763.6470910361,21,2017,773,78.96
10556.68195985466,25,2017,773,2.81
108.9179541248995,33,2017,773,0.03
8559.927533587454,3,2018,773,2.28
62466.25354337684,4,2018,773,16.62
101.14525913073962,12,2018,773,0.03
293750.1881000342,21,2018,773,78.15
10862.608192390737,25,2018,773,2.89
123.99338182329969,33,2018,773,0.03
8798.241921408842,3,2019,773,2.34
63682.605456484765,4,2019,773,16.94
145.22615168445097,12,2019,773,0.04
291897.5482084931,21,2019,773,77.66
11189.13691181675,25,2019,773,2.98
151.35736044337852,33,2019,773,0.04
9129.325621270713,3,2020,773,2.43
62928.07538480699,4,2020,773,16.74
167.62258350219753,12,2020,773,0.04
292057.0206636485,21,2020,773,77.7
11374.887777736654,25,2020,773,3.03
207.18397936071068,33,2020,773,0.06
8875.090690410787,3,2021,773,2.36
60823.17562518923,4,2021,773,16.18
252.0384098895379,12,2021,773,0.07
293969.37296608795,21,2021,773,78.21
11700.901615704484,25,2021,773,3.11
243.53670304993867,33,2021,773,0.06
9097.19543484204,3,2022,773,2.42
62716.51232093069,4,2022,773,16.69
244.08151000550507,12,2022,773,0.06
291708.9438002693,21,2022,773,77.61
11733.444454170092,25,2022,773,3.12
363.9384901125677,33,2022,773,0.1
9054.166771238104,3,2023,773,2.41
62228.24208536838,4,2023,773,16.56
176.68574985607657,12,2023,773,0.05
291655.79755932366,21,2023,773,77.6
12433.175390971584,25,2023,773,3.31
316.0484535766602,33,2023,773,0.08
23820.79325988821,3,2016,7612,1.41
1336936.716563655,4,2016,7612,79.17
19349.73639909098,12,2016,7612,1.15
295751.037225957,21,2016,7612,17.51
7167.795913982272,25,2016,7612,0.42
5588.593730557554,33,2016,7612,0.33
23986.56236993461,3,2017,7612,1.42
1339262.3832168805,4,2017,7612,79.31
21412.48389291556,12,2017,7612,1.27
290083.6823193884,21,2017,7612,17.18
7687.528934497016,25,2017,7612,0.46
6182.032359467694,33,2017,7612,0.37
24436.90577139943,3,2018,7612,1.45
1338793.3399819685,4,2018,7612,79.28
26766.2804612418,12,2018,7612,1.59
281607.70998225827,21,2018,7612,16.68
8961.022634627148,25,2018,7612,0.53
8049.414261659572,33,2018,7612,0.48
24551.117707068373,3,2019,7612,1.45
1338876.0960506755,4,2019,7612,79.29
31975.07977448916,12,2019,7612,1.89
275235.7313314512,21,2019,7612,16.3
9634.4330930531,25,2019,7612,0.57
8342.21513637297,33,2019,7612,0.49
24355.50371893971,3,2020,7612,1.44
1338202.515965633,4,2020,7612,79.25
34012.73003665669,12,2020,7612,2.01
270050.82081624144,21,2020,7612,15.99
10273.654656014693,25,2020,7612,0.61
11719.447899631705,33,2020,7612,0.69
24441.12316408132,3,2021,7612,1.45
1331634.8440189762,4,2021,7612,78.86
33612.730705788315,12,2021,7612,1.99
277523.4348665733,21,2021,7612,16.43
10502.19765683932,25,2021,7612,0.62
10900.34268080567,33,2021,7612,0.65
24402.74760765572,3,2022,7612,1.45
1316042.9955477405,4,2022,7612,77.94
31394.92292855318,12,2022,7612,1.86
295042.97532633203,21,2022,7612,17.47
9969.20919366774,25,2022,7612,0.59
11761.822489118127,33,2022,7612,0.7
24351.80883838366,3,2023,7612,1.44
1320780.4836089995,4,2023,7612,78.22
22130.12739988606,12,2023,7612,1.31
301007.3445925889,21,2023,7612,17.83
9104.495500902096,25,2023,7612,0.54
11240.413152351824,33,2023,7612,0.67
5015.002802069967,3,2016,7613,0.29
1050850.751882977,4,2016,7613,60.93
4766.9032928323895,12,2016,7613,0.28
623324.4494148623,21,2016,7613,36.14
20640.27324224888,25,2016,7613,1.2
19995.51069111677,33,2016,7613,1.16
5343.436332593635,3,2017,7613,0.31
1043671.4730852558,4,2017,7613,60.52
5724.730894677618,12,2017,7613,0.33
630003.0362638825,21,2017,7613,36.53
20461.291998533616,25,2017,7613,1.19
19388.92275119452,33,2017,7613,1.12
5974.130050678574,3,2018,7613,0.35
1035069.0184598404,4,2018,7613,60.02
6752.642679592578,12,2018,7613,0.39
633548.6676048961,21,2018,7613,36.74
22478.943615758228,25,2018,7613,1.3
20769.488915324284,33,2018,7613,1.2
6181.5344555376205,3,2019,7613,0.36
1007910.7993369732,4,2019,7613,58.44
8477.854146897627,12,2019,7613,0.49
657728.0608371997,21,2019,7613,38.14
23373.394218720285,25,2019,7613,1.36
20921.248330834896,33,2019,7613,1.21
5688.007710009744,3,2020,7613,0.33
996857.5652149592,4,2020,7613,57.8
9220.921050997016,12,2020,7613,0.53
665496.4576376954,21,2020,7613,38.59
23995.92138694531,25,2020,7613,1.39
23334.018325625977,33,2020,7613,1.35
5603.330023724335,3,2021,7613,0.32
987647.90961413,4,2021,7613,57.27
9700.470420834296,12,2021,7613,0.56
674345.6845417573,21,2021,7613,39.1
24503.67998974536,25,2021,7613,1.42
22791.816736004905,33,2021,7613,1.32
5184.370734997348,3,2022,7613,0.3
987700.728702272,4,2022,7613,57.27
8778.091135930454,12,2022,7613,0.51
674456.5685565488,21,2022,7613,39.11
23397.732902308355,25,2022,7613,1.36
25075.39929417591,33,2022,7613,1.45
5285.133422221517,3,2023,7613,0.31
989396.39882031,4,2023,7613,57.37
6940.398903296848,12,2023,7613,0.4
676878.171850027,21,2023,7613,39.25
21226.370906415843,25,2023,7613,1.23
24866.41742397436,33,2023,7613,1.44
16555.393257115586,3,2016,7614,1.21
906833.2928309372,4,2016,7614,66.09
1327.6664825931323,12,2016,7614,0.1
439460.7807741448,21,2016,7614,32.03
6721.022681431574,25,2016,7614,0.49
1160.2069167636562,33,2016,7614,0.08
16787.850643252365,3,2017,7614,1.22
898830.7148855305,4,2017,7614,65.51
1338.3344350639784,12,2017,7614,0.1
446662.2436284614,21,2017,7614,32.55
7344.999570474816,25,2017,7614,0.54
1094.2197802097,33,2017,7614,0.08
17069.46614463758,3,2018,7614,1.24
883690.2659817302,4,2018,7614,64.41
1325.2543838235529,12,2018,7614,0.1
458530.2753336537,21,2018,7614,33.42
8480.831479279857,25,2018,7614,0.62
2962.2696198636586,33,2018,7614,0.22
17579.39069508604,3,2019,7614,1.28
867588.9207167845,4,2019,7614,63.23
732.440860792954,12,2019,7614,0.05
474188.7132276548,21,2019,7614,34.56
8873.359939950065,25,2019,7614,0.65
3095.5375027493988,33,2019,7614,0.23
18156.369759734807,3,2020,7614,1.32
854935.870235453,4,2020,7614,62.31
390.6689961853026,12,2020,7614,0.03
485752.08471168776,21,2020,7614,35.4
8919.75899581619,25,2020,7614,0.65
3903.6102441489656,33,2020,7614,0.28
18652.228816946965,3,2021,7614,1.36
828909.1487725524,4,2021,7614,60.41
289.5213517809102,12,2021,7614,0.02
511934.8196389236,21,2021,7614,37.31
8985.397780314446,25,2021,7614,0.65
3287.246582470692,33,2021,7614,0.24
19099.02352055826,3,2022,7614,1.39
806016.7720227136,4,2022,7614,58.75
184.09409517690625,12,2022,7614,0.01
534630.9408241393,21,2022,7614,38.97
9135.695384917652,25,2022,7614,0.67
2991.837095466876,33,2022,7614,0.22
18908.900242955024,3,2023,7614,1.38
803187.923075986,4,2023,7614,58.54
127.73848651601752,12,2023,7614,0.01
537644.4695048293,21,2023,7614,39.19
9251.404453855184,25,2023,7614,0.67
2937.927178835345,33,2023,7614,0.21
17682.174446843652,3,2016,7618,0.97
1108432.2119614668,4,2016,7618,60.96
9894.53034882794,12,2016,7618,0.54
674143.6244920756,21,2016,7618,37.08
7428.921881124216,25,2016,7618,0.41
0.8761792663574219,27,2016,7618,0.0
662.4798417539116,33,2016,7618,0.04
17697.664171594864,3,2017,7618,0.97
1104057.604250167,4,2017,7618,60.72
9890.816818051158,12,2017,7618,0.54
678611.9845132018,21,2017,7618,37.32
7486.484816221247,25,2017,7618,0.41
1.0521437927246091,27,2017,7618,0.0
499.2124383266557,33,2017,7618,0.03
17704.81968352868,3,2018,7618,0.97
1096424.2833483648,4,2018,7618,60.3
9943.737682106244,12,2018,7618,0.55
685395.6908478169,21,2018,7618,37.7
8303.770893322968,25,2018,7618,0.46
1.0521437927246096,27,2018,7618,0.0
471.4645524474865,33,2018,7618,0.03
17647.98012208224,3,2019,7618,0.97
1089538.7613106358,4,2019,7618,59.92
10001.556504642818,12,2019,7618,0.55
692048.1792002203,21,2019,7618,38.06
8456.374182901274,25,2019,7618,0.47
1.0521437927246091,27,2019,7618,0.0
550.9156870814905,33,2019,7618,0.03
17114.062354601803,3,2020,7618,0.94
1085457.7260532335,4,2020,7618,59.7
10082.793989882626,12,2020,7618,0.55
694374.6910587281,21,2020,7618,38.19
8480.560963931086,25,2020,7618,0.47
1.0521437927246091,27,2020,7618,0.0
2733.932587213253,33,2020,7618,0.15
17124.242790764256,3,2021,7618,0.94
1080268.8882645993,4,2021,7618,59.41
10063.800180373188,12,2021,7618,0.55
700194.145735609,21,2021,7618,38.51
8643.245532565354,25,2021,7618,0.48
0.9645034118652344,27,2021,7618,0.0
1949.5321440170635,33,2021,7618,0.11
17080.59571302387,3,2022,7618,0.94
1070292.0793846329,4,2022,7618,58.86
9912.016921850236,12,2022,7618,0.55
709237.3837890775,21,2022,7618,39.01
8359.283978402742,25,2022,7618,0.46
0.9645034118652344,27,2022,7618,0.0
3362.494860978047,33,2022,7618,0.18
17043.022528378588,3,2023,7618,0.94
1070065.2388683176,4,2023,7618,58.85
9431.280224621596,12,2023,7618,0.52
710169.6214236099,21,2023,7618,39.06
8399.815750522232,25,2023,7618,0.46
0.8765105529785157,27,2023,7618,0.0
3134.96384539294,33,2023,7618,0.17
3293.5918191300334,3,2016,7561,0.17
961897.2433847697,4,2016,7561,50.85
99259.6712015504,12,2016,7561,5.25
791916.0784214379,21,2016,7561,41.86
15795.013389532673,25,2016,7561,0.83
0.1781026489257812,27,2016,7561,0.0
19531.655410763888,33,2016,7561,1.03
3174.0264154075544,3,2017,7561,0.17
961263.847610402,4,2017,7561,50.81
89671.87486041384,12,2017,7561,4.74
798882.5028389612,21,2017,7561,42.23
16393.960621590562,25,2017,7561,0.87
0.1781026489257812,27,2017,7561,0.0
22307.041280418314,33,2017,7561,1.18
3301.229064463281,3,2018,7561,0.17
949551.628324678,4,2018,7561,50.2
81278.59872829106,12,2018,7561,4.3
810612.9924470825,21,2018,7561,42.85
18169.69148250604,25,2018,7561,0.96
0.5343078369140626,27,2018,7561,0.0
28778.75737501688,33,2018,7561,1.52
3406.085214311747,3,2019,7561,0.18
936008.6702934812,4,2019,7561,49.48
86630.0411025862,12,2019,7561,4.58
816934.3491882003,21,2019,7561,43.19
19146.12235603846,25,2019,7561,1.01
0.5343078369140626,27,2019,7561,0.0
29567.629267441243,33,2019,7561,1.56
3453.3930574418914,3,2020,7561,0.18
890704.0363319218,4,2020,7561,47.09
89029.90045485717,12,2020,7561,4.71
853820.522302511,21,2020,7561,45.14
19915.433723496528,25,2020,7561,1.05
0.5343078369140626,27,2020,7561,0.0
34769.61155193051,33,2020,7561,1.84
3481.304445426406,3,2021,7561,0.18
878648.3460192186,4,2021,7561,46.45
97960.93930162028,12,2021,7561,5.18
859469.1451913485,21,2021,7561,45.43
20435.591619868486,25,2021,7561,1.08
0.5343078369140626,27,2021,7561,0.0
31697.57084458621,33,2021,7561,1.68
3420.449905270616,3,2022,7561,0.18
862347.6697569309,4,2022,7561,45.59
89389.05020816557,12,2022,7561,4.73
879045.673601101,21,2022,7561,46.47
19654.481310894545,25,2022,7561,1.04
0.0890513610839843,27,2022,7561,0.0
37836.01789617246,33,2022,7561,2.0
3403.644783616636,3,2023,7561,0.18
884639.1420497489,4,2023,7561,46.76
65880.32833702254,12,2023,7561,3.48
878690.4865702931,21,2023,7561,46.45
19678.980791854403,25,2023,7561,1.04
39400.8491973886,33,2023,7561,2.08
22585.88151485928,3,2016,755,1.18
1062362.08546531,4,2016,755,55.49
7938.490027750739,12,2016,755,0.41
752405.2971688226,21,2016,755,39.3
39320.36580223037,25,2016,755,2.05
29857.40322340403,33,2016,755,1.56
22508.08127215598,3,2017,755,1.18
1068917.3681715436,4,2017,755,55.83
8074.524470678205,12,2017,755,0.42
743324.15564307,21,2017,755,38.83
38888.48600627855,25,2017,755,2.03
32756.907638593984,33,2017,755,1.71
22805.55951724369,3,2018,755,1.19
1072388.7788720182,4,2018,755,56.01
8423.243815712705,12,2018,755,0.44
731154.8971691214,21,2018,755,38.19
39454.24553904296,25,2018,755,2.06
40242.79828916026,33,2018,755,2.1
23371.718624480098,3,2019,755,1.22
1063713.9173988714,4,2019,755,55.56
8780.143393079354,12,2019,755,0.46
740959.4884287424,21,2019,755,38.7
37573.817532760266,25,2019,755,1.96
40070.43782442063,33,2019,755,2.09
23976.51522451009,3,2020,755,1.25
1053283.40638187,4,2020,755,55.02
8870.025739812021,12,2020,755,0.46
746429.176290216,21,2020,755,38.99
38381.13909212552,25,2020,755,2.0
43529.26047379932,33,2020,755,2.27
24191.67126395206,3,2021,755,1.26
1034144.6683619504,4,2021,755,54.02
8704.74056365302,12,2021,755,0.45
765105.3997749474,21,2021,755,39.96
38759.925628714576,25,2021,755,2.02
43563.11760917544,33,2021,755,2.28
24470.9223900878,3,2022,755,1.28
1004166.4977436943,4,2022,755,52.45
8484.680772645326,12,2022,755,0.44
792725.7407272136,21,2022,755,41.41
37440.989983766645,25,2022,755,1.96
47180.69158497168,33,2022,755,2.46
24268.40113034984,3,2023,755,1.27
1002864.8720254262,4,2023,755,52.38
7574.724367786724,12,2023,755,0.4
794297.136677862,21,2023,755,41.49
36944.826745424,25,2023,755,1.93
48519.56225554038,33,2023,755,2.53
14448.74134731707,3,2016,7617,0.68
1320950.823377454,4,2016,7617,61.8
578.8954211131612,12,2016,7617,0.03
573909.1868243583,21,2016,7617,26.85
26312.725400097148,25,2016,7617,1.23
2.556864031982422,27,2016,7617,0.0
201210.39119269265,33,2016,7617,9.41
15559.114797780996,3,2017,7617,0.73
1315048.8866166412,4,2017,7617,61.53
596.2857691171921,12,2017,7617,0.03
587908.9901560431,21,2017,7617,27.51
25704.14967199205,25,2017,7617,1.2
2.556864031982422,27,2017,7617,0.0
192593.33655143777,33,2017,7617,9.01
16551.822892163218,3,2018,7617,0.77
1306009.815406868,4,2018,7617,61.1
675.2555661110553,12,2018,7617,0.03
567276.2227754085,21,2018,7617,26.54
25894.201333107805,25,2018,7617,1.21
2.556864031982422,27,2018,7617,0.0
221003.4455893742,33,2018,7617,10.34
15525.677640497008,3,2019,7617,0.73
1295946.30771139,4,2019,7617,60.63
709.1036090137437,12,2019,7617,0.03
559936.9255487416,21,2019,7617,26.2
25452.47378127784,25,2019,7617,1.19
2.556864031982422,27,2019,7617,0.0
239840.27527209025,33,2019,7617,11.22
8678.15470863737,3,2020,7617,0.41
1291399.2403252884,4,2020,7617,60.42
724.6919071498984,12,2020,7617,0.03
517132.3702361565,21,2020,7617,24.19
22117.78795677828,25,2020,7617,1.03
2.556864031982422,27,2020,7617,0.0
297358.5184290491,33,2020,7617,13.91
9048.404575607688,3,2021,7617,0.42
1296723.1791480551,4,2021,7617,60.67
673.2136387538785,12,2021,7617,0.03
519670.03166887927,21,2021,7617,24.31
21849.58931420224,25,2021,7617,1.02
2.556864031982422,27,2021,7617,0.0
289446.34521755035,33,2021,7617,13.54
9649.439117040009,3,2022,7617,0.45
1294133.2236855256,4,2022,7617,60.55
664.6402667257164,12,2022,7617,0.03
510429.4712505215,21,2022,7617,23.88
19240.03835037328,25,2022,7617,0.9
2.468643701171875,27,2022,7617,0.0
303294.0391132511,33,2022,7617,14.19
9727.586352412309,3,2023,7617,0.46
1297114.3020119094,4,2023,7617,60.69
509.38805324762114,12,2023,7617,0.02
511155.0389631231,21,2023,7617,23.91
19351.00177809173,25,2023,7617,0.91
2.468643701171875,27,2023,7617,0.0
299553.5346246532,33,2023,7617,14.01
5231.833278757451,3,2016,7564,0.24
1545677.0127952637,4,2016,7564,72.26
8361.450122376249,12,2016,7564,0.39
559297.9784323433,21,2016,7564,26.15
11572.45328359314,25,2016,7564,0.54
0.0886852905273437,27,2016,7564,0.0
8812.791087356132,33,2016,7564,0.41
5239.551812314578,3,2017,7564,0.24
1532832.7991488057,4,2017,7564,71.66
8980.443007271473,12,2017,7564,0.42
571024.0816519257,21,2017,7564,26.7
12119.926592020438,25,2017,7564,0.57
8756.805472619748,33,2017,7564,0.41
5247.995667002079,3,2018,7564,0.25
1525002.1085428568,4,2018,7564,71.3
8814.373563357356,12,2018,7564,0.41
573004.1060038547,21,2018,7564,26.79
14014.982858431164,25,2018,7564,0.66
0.0886852905273437,27,2018,7564,0.0
12869.9523641724,33,2018,7564,0.6
5251.810603562137,3,2019,7564,0.25
1506601.8667121574,4,2019,7564,70.44
8005.746080670473,12,2019,7564,0.37
589374.4375765114,21,2019,7564,27.55
15002.889061673812,25,2019,7564,0.7
0.0886852905273437,27,2019,7564,0.0
14716.768965114865,33,2019,7564,0.69
5278.103722043581,3,2020,7564,0.25
1483550.7379759797,4,2020,7564,69.36
7277.646641447852,12,2020,7564,0.34
605424.5154004034,21,2020,7564,28.3
15684.865612113466,25,2020,7564,0.73
0.0886852905273437,27,2020,7564,0.0
21737.649647714054,33,2020,7564,1.02
5282.904132736941,3,2021,7564,0.25
1454390.27552026,4,2021,7564,68.0
7496.028752024893,12,2021,7564,0.35
633951.0979399427,21,2021,7564,29.64
16124.418364405015,25,2021,7564,0.75
21708.88297561325,33,2021,7564,1.01
5308.462515852965,3,2022,7564,0.25
1409049.129143367,4,2022,7564,65.88
6711.367244078122,12,2022,7564,0.31
676283.7310508376,21,2022,7564,31.62
15820.119807783669,25,2022,7564,0.74
0.0886852905273437,27,2022,7564,0.0
25780.70923775813,33,2022,7564,1.21
5305.8433827291865,3,2023,7564,0.25
1402528.301703787,4,2023,7564,65.57
5441.04150174627,12,2023,7564,0.25
681938.5023383356,21,2023,7564,31.88
16087.91269797547,25,2023,7564,0.75
0.0886852905273437,27,2023,7564,0.0
27651.917375073343,33,2023,7564,1.29
14361.63309739486,3,2016,761111,1.02
293358.7020381027,4,2016,761111,20.81
2716.585366203064,12,2016,761111,0.19
1087151.7675963554,21,2016,761111,77.1
7931.653653932168,25,2016,761111,0.56
4462.637592301488,33,2016,761111,0.32
14381.1108736864,3,2017,761111,1.02
293504.32071289816,4,2017,761111,20.82
1210.8237775433977,12,2017,761111,0.09
1088259.8633838815,21,2017,761111,77.18
7979.06027317536,25,2017,761111,0.57
4647.800323098191,33,2017,761111,0.33
14354.043986943276,3,2018,761111,1.02
303427.4714052986,4,2018,761111,21.52
1078.080684996988,12,2018,761111,0.08
1077342.0543991756,21,2018,761111,76.41
8993.270871729283,25,2018,761111,0.64
4788.057996168809,33,2018,761111,0.34
14374.807035766074,3,2019,761111,1.02
312766.47610224166,4,2019,761111,22.18
1110.4566035943983,12,2019,761111,0.08
1067305.9370681718,21,2019,761111,75.7
9434.280568731754,25,2019,761111,0.67
4991.0219658264205,33,2019,761111,0.35
14363.65218344217,3,2020,761111,1.02
330967.7321293753,4,2020,761111,23.47
781.3343351379402,12,2020,761111,0.06
1048792.9100695136,21,2020,761111,74.38
9516.491123017857,25,2020,761111,0.67
5560.859503927214,33,2020,761111,0.39
14367.590856406649,3,2021,761111,1.02
351600.4793328497,4,2021,761111,24.94
749.4905902038572,12,2021,761111,0.05
1028346.6769086173,21,2021,761111,72.93
9342.868322063236,25,2021,761111,0.66
5575.873334327181,33,2021,761111,0.4
14402.194854365776,3,2022,761111,1.02
363135.3113635712,4,2022,761111,25.75
760.1179280517582,12,2022,761111,0.05
1016108.0770312848,21,2022,761111,72.07
8886.1341639647,25,2022,761111,0.63
6691.144003289823,33,2022,761111,0.47
14353.18839938889,3,2023,761111,1.02
362030.9754004181,4,2023,761111,25.68
713.178251165772,12,2023,761111,0.05
1017207.6826767832,21,2023,761111,72.14
9057.271118179951,25,2023,761111,0.64
6620.68349858366,33,2023,761111,0.47
2255.7467892517566,3,2016,761112,0.51
81009.0095326626,4,2016,761112,18.22
214.7156090087892,12,2016,761112,0.05
352466.28954924067,21,2016,761112,79.29
3780.3332044246886,25,2016,761112,0.85
4824.544222496377,33,2016,761112,1.09
2268.911212662211,3,2017,761112,0.51
82091.94481603606,4,2017,761112,18.47
182.0313008728026,12,2017,761112,0.04
351281.87543271785,21,2017,761112,79.02
3871.748542004901,25,2017,761112,0.87
4854.127602785467,33,2017,761112,1.09
2277.881296708149,3,2018,761112,0.51
85175.6012454041,4,2018,761112,19.16
194.43887573242165,12,2018,761112,0.04
347795.7932103888,21,2018,761112,78.24
4356.899941221092,25,2018,761112,0.98
4750.0243376215,33,2018,761112,1.07
2320.6680919722035,3,2019,761112,0.52
87358.71251304104,4,2019,761112,19.65
183.3523137939452,12,2019,761112,0.04
345278.882707463,21,2019,761112,77.67
4616.254651378719,25,2019,761112,1.04
4792.768629415875,33,2019,761112,1.08
2336.092855376935,3,2020,761112,0.53
91836.3505836472,4,2020,761112,20.66
77.16356281589886,12,2020,761112,0.02
340227.85689011164,21,2020,761112,76.53
4781.350358151312,25,2020,761112,1.08
5291.824656979044,33,2020,761112,1.19
2360.508509211187,3,2021,761112,0.53
95287.04893594024,4,2021,761112,21.43
59.28223820726592,12,2021,761112,0.01
336345.9165907533,21,2021,761112,75.66
5082.962469148295,25,2021,761112,1.14
5414.920163827972,33,2021,761112,1.22
2380.233152896993,3,2022,761112,0.54
96040.29396851674,4,2022,761112,21.6
28.197884392568525,12,2022,761112,0.01
333697.85305315565,21,2022,761112,75.06
5052.878357767346,25,2022,761112,1.14
7351.182490361885,33,2022,761112,1.65
2353.985961151751,3,2023,761112,0.53
95173.75013692726,4,2023,761112,21.41
19.06759029727712,12,2023,761112,0.0
334661.17006988404,21,2023,761112,75.28
5469.447719505792,25,2023,761112,1.23
6873.217429330199,33,2023,761112,1.55
118866.62617192112,3,2016,7741,6.33
396576.2565748307,4,2016,7741,21.11
18633.23425398512,12,2016,7741,0.99
1332101.821037657,21,2016,7741,70.92
9506.59926838372,25,2016,7741,0.51
2655.1498250559625,33,2016,7741,0.14
118736.05333919656,3,2017,7741,6.32
402696.96326434094,4,2017,7741,21.44
18769.878890260406,12,2017,7741,1.0
1326046.4829843356,21,2017,7741,70.6
9873.388353102158,25,2017,7741,0.53
2216.9203006217635,33,2017,7741,0.12
118960.86219200912,3,2018,7741,6.33
401929.731706665,4,2018,7741,21.4
18945.69063612548,12,2018,7741,1.01
1325778.0646652847,21,2018,7741,70.58
10568.493500819688,25,2018,7741,0.56
2156.844430954755,33,2018,7741,0.11
119585.33892665908,3,2019,7741,6.37
402905.5008015478,4,2019,7741,21.45
19096.793337048308,12,2019,7741,1.02
1323678.9071499703,21,2019,7741,70.47
10846.401583452978,25,2019,7741,0.58
2226.745333136651,33,2019,7741,0.12
119707.08396867862,3,2020,7741,6.37
395675.8753540755,4,2020,7741,21.07
19238.328159034943,12,2020,7741,1.02
1330828.9315483249,21,2020,7741,70.85
10966.020425384051,25,2020,7741,0.58
1923.447676309618,33,2020,7741,0.1
119338.30991141978,3,2021,7741,6.35
383372.47209500335,4,2021,7741,20.41
19558.672081847377,12,2021,7741,1.04
1342944.8471226958,21,2021,7741,71.5
11345.279165024676,25,2021,7741,0.6
1780.1067556887406,33,2021,7741,0.09
120558.09219564236,3,2022,7741,6.42
385991.42792277137,4,2022,7741,20.55
19382.69426642518,12,2022,7741,1.03
1338197.9647616,21,2022,7741,71.24
11291.728655278794,25,2022,7741,0.6
2917.779329973486,33,2022,7741,0.16
120209.09224181296,3,2023,7741,6.4
385998.0310975803,4,2023,7741,20.55
18458.29360148329,12,2023,7741,0.98
1339076.6404654237,21,2023,7741,71.29
12067.011861667952,25,2023,7741,0.64
2530.6178637191992,33,2023,7741,0.13
19147.46616706834,3,2016,7422,0.96
1554934.508902402,4,2016,7422,77.59
4080.510133236037,12,2016,7422,0.2
413788.2570273194,21,2016,7422,20.65
9577.16622073314,25,2016,7422,0.48
2471.782684167489,33,2016,7422,0.12
19145.24223189804,3,2017,7422,0.96
1550767.2794352048,4,2017,7422,77.38
3945.025267050587,12,2017,7422,0.2
417772.9065209154,21,2017,7422,20.85
9989.697409037855,25,2017,7422,0.5
2379.5402707885764,33,2017,7422,0.12
19177.0727413009,3,2018,7422,0.96
1549964.7143622667,4,2018,7422,77.34
4433.407094554442,12,2018,7422,0.22
414698.98455778125,21,2018,7422,20.69
10332.643796964549,25,2018,7422,0.52
5392.868582038132,33,2018,7422,0.27
19262.07897903403,3,2019,7422,0.96
1541095.8598369353,4,2019,7422,76.9
4014.537231917392,12,2019,7422,0.2
423250.2156653772,21,2019,7422,21.12
10668.456307032557,25,2019,7422,0.53
5708.543114582081,33,2019,7422,0.28
19267.87394820303,3,2020,7422,0.96
1520373.690387461,4,2020,7422,75.87
2567.3413433274445,12,2020,7422,0.13
442736.0204458403,21,2020,7422,22.09
11287.868212962883,25,2020,7422,0.56
7766.89679708334,33,2020,7422,0.39
19244.82966426765,3,2021,7422,0.96
1496982.3149676798,4,2021,7422,74.7
1980.926961752164,12,2021,7422,0.1
467534.5037778711,21,2021,7422,23.33
11246.976509733886,25,2021,7422,0.56
7010.139253553054,33,2021,7422,0.35
19245.75546294979,3,2022,7422,0.96
1463362.4651593731,4,2022,7422,73.02
1620.234719649825,12,2022,7422,0.08
501896.9441723679,21,2022,7422,25.04
10679.39378263157,25,2022,7422,0.53
7194.897837934115,33,2022,7422,0.36
19195.6751721146,3,2023,7422,0.96
1461625.68966264,4,2023,7422,72.94
1067.1578696160043,12,2023,7422,0.05
503739.90479424753,21,2023,7422,25.14
9835.706408955068,25,2023,7422,0.49
8535.557227349833,33,2023,7422,0.43
25700.952465086182,3,2016,76116,1.08
1317396.5412898634,4,2016,76116,55.55
29908.42408843864,12,2016,76116,1.26
910464.1088787252,21,2016,76116,38.39
18322.366024274,25,2016,76116,0.77
0.0883519470214843,27,2016,76116,0.0
69676.85595127306,33,2016,76116,2.94
26035.68444237504,3,2017,76116,1.1
1309326.8578760978,4,2017,76116,55.21
29958.43073931722,12,2017,76116,1.26
918076.2503176656,21,2017,76116,38.71
18757.348620578552,25,2017,76116,0.79
0.0883519470214843,27,2017,76116,0.0
69314.67670164048,33,2017,76116,2.92
26253.283232664733,3,2018,76116,1.11
1297939.2532804909,4,2018,76116,54.73
28450.86660249044,12,2018,76116,1.2
928022.6506824716,21,2018,76116,39.13
20819.12568113115,25,2018,76116,0.88
0.0883519470214843,27,2018,76116,0.0
69984.06921844956,33,2018,76116,2.95
26386.155075248924,3,2019,76116,1.11
1293061.4908300987,4,2019,76116,54.53
29027.240633834685,12,2019,76116,1.22
930055.8257410412,21,2019,76116,39.22
22094.556758057664,25,2019,76116,0.93
0.0883519470214843,27,2019,76116,0.0
70843.97965945312,33,2019,76116,2.99
26543.20596476539,3,2020,76116,1.12
1298236.48430594,4,2020,76116,54.74
30009.848946738708,12,2020,76116,1.27
918803.1695852586,21,2020,76116,38.74
22061.902261619336,25,2020,76116,0.93
0.0883519470214843,27,2020,76116,0.0
75814.6376334314,33,2020,76116,3.2
26595.63641356871,3,2021,76116,1.12
1302081.2989865362,4,2021,76116,54.91
30478.61051816657,12,2021,76116,1.29
914394.1828371712,21,2021,76116,38.56
22132.718505743625,25,2021,76116,0.93
0.0883519470214843,27,2021,76116,0.0
75786.80143661087,33,2021,76116,3.2
26370.45006490389,3,2022,76116,1.11
1302107.5112485385,4,2022,76116,54.91
27924.9553614089,12,2022,76116,1.18
916472.7381899658,21,2022,76116,38.65
20649.18775383649,25,2022,76116,0.87
0.0883519470214843,27,2022,76116,0.0
77944.40607910146,33,2022,76116,3.29
26389.800991020827,3,2023,76116,1.11
1307013.1181254112,4,2023,76116,55.11
21961.713498340345,12,2023,76116,0.93
919612.9365018326,21,2023,76116,38.78
19497.38565752228,25,2023,76116,0.82
0.0883519470214843,27,2023,76116,0.0
76994.29392362031,33,2023,76116,3.25
124470.7903554227,3,2016,7761,9.42
521012.2861328112,4,2016,7761,39.43
6348.632872538029,12,2016,7761,0.48
655310.2127998663,21,2016,7761,49.6
5986.009402570819,25,2016,7761,0.45
8097.128832273912,33,2016,7761,0.61
125605.61899718305,3,2017,7761,9.51
524383.9933942158,4,2017,7761,39.69
6551.703865381106,12,2017,7761,0.5
651640.541035587,21,2017,7761,49.32
6295.108059640973,25,2017,7761,0.48
6748.095043491334,33,2017,7761,0.51
126059.2826145047,3,2018,7761,9.54
527075.0649224473,4,2018,7761,39.89
6695.350302116852,12,2018,7761,0.51
648866.6004635355,21,2018,7761,49.11
6608.867099250263,25,2018,7761,0.5
5919.894993637352,33,2018,7761,0.45
126691.39618801042,3,2019,7761,9.59
554395.5677168134,4,2019,7761,41.96
6733.150890752781,12,2019,7761,0.51
619591.8684818774,21,2019,7761,46.9
6986.747319697716,25,2019,7761,0.53
6826.329798358191,33,2019,7761,0.52
126640.1249224503,3,2020,7761,9.59
564941.3752982611,4,2020,7761,42.76
6902.728413173944,12,2020,7761,0.52
606819.0288450909,21,2020,7761,45.93
7321.226664229041,25,2020,7761,0.55
8600.576252304236,33,2020,7761,0.65
125108.5466234056,3,2021,7761,9.47
578937.7926600274,4,2021,7761,43.82
7199.250065930446,12,2021,7761,0.54
593509.2511137478,21,2021,7761,44.92
7660.219053444357,25,2021,7761,0.58
8810.00087895184,33,2021,7761,0.67
126500.31586024108,3,2022,7761,9.57
591703.9749554398,4,2022,7761,44.78
7146.699828865862,12,2022,7761,0.54
578405.1242214643,21,2022,7761,43.78
7559.002191055629,25,2022,7761,0.57
9909.943338414463,33,2022,7761,0.75
126414.13895791442,3,2023,7761,9.57
592400.3011631216,4,2023,7761,44.84
6623.657475791863,12,2023,7761,0.5
578475.4684552008,21,2023,7761,43.78
7575.567456084057,25,2023,7761,0.57
9735.926887366022,33,2023,7761,0.74
73284.52612794747,3,2016,7671,8.8
410347.98468933895,4,2016,7671,49.26
0.2451105853869867,12,2016,7671,0.0
329009.51298674574,21,2016,7671,39.49
5320.143866336925,25,2016,7671,0.64
15109.48559042602,33,2016,7671,1.81
73694.71948089307,3,2017,7671,8.85
407758.175356806,4,2017,7671,48.95
0.2451105853869867,12,2017,7671,0.0
331708.4258380738,21,2017,7671,39.82
5419.418909033166,25,2017,7671,0.65
14490.913676005088,33,2017,7671,1.74
73495.41722724766,3,2018,7671,8.82
409139.7434558692,4,2018,7671,49.11
0.257273232158586,12,2018,7671,0.0
330011.43123549403,21,2018,7671,39.61
5729.3821637828105,25,2018,7671,0.69
14695.667015759089,33,2018,7671,1.76
73204.26329253518,3,2019,7671,8.79
407463.614865409,4,2019,7671,48.91
0.257273232158586,12,2019,7671,0.0
332071.8780986897,21,2019,7671,39.86
5870.65503843671,25,2019,7671,0.7
14461.229803070197,33,2019,7671,1.74
72691.63908164007,3,2020,7671,8.73
406926.756941754,4,2020,7671,48.85
0.2451105853869867,12,2020,7671,0.0
331755.39924028615,21,2020,7671,39.82
6064.196924873852,25,2020,7671,0.73
15633.661072237928,33,2020,7671,1.88
72473.57186054708,3,2021,7671,8.7
406832.5498580315,4,2021,7671,48.84
0.3132478389964384,12,2021,7671,0.0
332016.3591300097,21,2021,7671,39.85
6170.492036006182,25,2021,7671,0.74
15578.612238927066,33,2021,7671,1.87
69504.16651764202,3,2022,7671,8.34
400187.2706061584,4,2022,7671,48.04
0.2086759153837315,12,2022,7671,0.0
337124.58477274794,21,2022,7671,40.47
6149.492034350284,25,2022,7671,0.74
20106.175764538908,33,2022,7671,2.41
69441.6919162982,3,2023,7671,8.34
402433.367942742,4,2023,7671,48.31
0.43549609375,12,2023,7671,0.0
337380.35445418395,21,2023,7671,40.5
6502.319007918638,25,2023,7671,0.78
17313.72955412167,33,2023,7671,2.08
3386.157541743354,3,2016,7615,0.13
1381178.9121054811,4,2016,7615,53.36
831.6581865346618,12,2016,7615,0.03
1144370.6227194504,21,2016,7615,44.21
36668.23449648165,25,2016,7615,1.42
0.0882287719726562,27,2016,7615,0.0
22164.33739807271,33,2016,7615,0.86
3467.9354496183964,3,2017,7615,0.13
1348487.910453729,4,2017,7615,52.09
882.1938040383717,12,2017,7615,0.03
1180199.3170522377,21,2017,7615,45.59
34396.83848285419,25,2017,7615,1.33
0.0882287719726562,27,2017,7615,0.0
21165.72720529422,33,2017,7615,0.82
3581.292341256579,3,2018,7615,0.14
1308982.931166333,4,2018,7615,50.57
1337.8119222889875,12,2018,7615,0.05
1216655.4234891254,21,2018,7615,47.0
36919.603070305886,25,2018,7615,1.43
0.0882287719726562,27,2018,7615,0.0
21122.86045850056,33,2018,7615,0.82
3543.086658615121,3,2019,7615,0.14
1273690.6101284444,4,2019,7615,49.2
1785.4236476486258,12,2019,7615,0.07
1251325.88565401,21,2019,7615,48.34
37430.60477589362,25,2019,7615,1.45
0.0882287719726562,27,2019,7615,0.0
20824.31158317093,33,2019,7615,0.8
4106.668398298124,3,2020,7615,0.16
1241102.8265141745,4,2020,7615,47.94
2015.3965107162749,12,2020,7615,0.08
1280771.5715778873,21,2020,7615,49.48
38022.50508243888,25,2020,7615,1.47
0.0882287719726562,27,2020,7615,0.0
22580.9543642586,33,2020,7615,0.87
4094.834383100369,3,2021,7615,0.16
1156371.2177857058,4,2021,7615,44.67
2644.2751600278752,12,2021,7615,0.1
1364972.628145587,21,2021,7615,52.73
39170.08268589574,25,2021,7615,1.51
0.0882287719726562,27,2021,7615,0.0
21346.88428745185,33,2021,7615,0.82
4252.874017679071,3,2022,7615,0.16
1086554.0684732448,4,2022,7615,41.97
2359.66794922552,12,2022,7615,0.09
1432610.769127448,21,2022,7615,55.34
39406.00290321287,25,2022,7615,1.52
0.0882287719726562,27,2022,7615,0.0
23416.53997692658,33,2022,7615,0.9
4438.007795204015,3,2023,7615,0.17
1087033.290555058,4,2023,7615,41.99
869.9412929767273,12,2023,7615,0.03
1434642.498554376,21,2023,7615,55.42
39388.41347243564,25,2023,7615,1.52
0.0882287719726562,27,2023,7615,0.0
22227.770777713187,33,2023,7615,0.86
45221.72387167886,3,2016,7411,6.76
549645.3564782783,4,2016,7411,82.16
1173.2813288305415,12,2016,7411,0.18
64610.15829481884,21,2016,7411,9.66
6456.119158749595,25,2016,7411,0.97
1861.7026185051152,33,2016,7411,0.28
45325.48020113455,3,2017,7411,6.78
549723.2523328493,4,2017,7411,82.17
1134.4010783262,12,2017,7411,0.17
64325.16090347322,21,2017,7411,9.62
6451.390937606761,25,2017,7411,0.96
2008.6562974882213,33,2017,7411,0.3
45307.12331291847,3,2018,7411,6.77
550046.9552251934,4,2018,7411,82.22
818.3698191049832,12,2018,7411,0.12
63942.606717732095,21,2018,7411,9.56
6286.22738928207,25,2018,7411,0.94
2567.05928666304,33,2018,7411,0.38
45372.416892173176,3,2019,7411,6.78
550891.1879506101,4,2019,7411,82.35
781.006194975824,12,2019,7411,0.12
62830.28271205112,21,2019,7411,9.39
6233.128219383004,25,2019,7411,0.93
2860.319781718887,33,2019,7411,0.43
45373.32053093834,3,2020,7411,6.78
550175.6689593482,4,2020,7411,82.24
763.1661387095247,12,2020,7411,0.11
63345.772888159314,21,2020,7411,9.47
6359.795226220537,25,2020,7411,0.95
2950.618007530364,33,2020,7411,0.44
45307.526480614266,3,2021,7411,6.77
548847.944935933,4,2021,7411,82.04
681.9984849771649,12,2021,7411,0.1
64877.22600895325,21,2021,7411,9.7
6384.138196281137,25,2021,7411,0.95
2869.5076441405004,33,2021,7411,0.43
45221.50918240286,3,2022,7411,6.76
547143.296491852,4,2022,7411,81.79
620.9360087644563,12,2022,7411,0.09
66844.67359362218,21,2022,7411,9.99
6059.441092917834,25,2022,7411,0.91
3078.485381339509,33,2022,7411,0.46
45092.51969715733,3,2023,7411,6.74
545607.742136072,4,2023,7411,81.56
538.4268911237639,12,2023,7411,0.08
68838.50801173745,21,2023,7411,10.29
5815.591870951199,25,2023,7411,0.87
3075.5531438642543,33,2023,7411,0.46
83877.83262526743,3,2016,7764,2.99
1245701.8642289918,4,2016,7764,44.47
76841.19857442305,12,2016,7764,2.74
1377914.69341835,21,2016,7764,49.19
11890.721476617531,25,2016,7764,0.42
0.1736432983398437,27,2016,7764,0.0
4972.540004266373,33,2016,7764,0.18
83842.75812716073,3,2017,7764,2.99
1261204.9793109945,4,2017,7764,45.02
76879.79802141206,12,2017,7764,2.74
1362383.3095622312,21,2017,7764,48.64
12509.51063144702,25,2017,7764,0.45
0.1736432983398437,27,2017,7764,0.0
4378.494674691539,33,2017,7764,0.16
83691.77721818427,3,2018,7764,2.99
1255081.9562472028,4,2018,7764,44.81
77221.46293748803,12,2018,7764,2.76
1367910.8150584584,21,2018,7764,48.83
13748.681349942965,25,2018,7764,0.49
0.1736432983398437,27,2018,7764,0.0
3544.157516687044,33,2018,7764,0.13
83721.19461093086,3,2019,7764,2.99
1276221.998237854,4,2019,7764,45.56
77875.31230403544,12,2019,7764,2.78
1344907.868999229,21,2019,7764,48.01
14926.422060805073,25,2019,7764,0.53
0.2605794494628906,27,2019,7764,0.0
3545.967178978661,33,2019,7764,0.13
83172.08103188641,3,2020,7764,2.97
1277860.4733127009,4,2020,7764,45.62
78318.5428182038,12,2020,7764,2.8
1341756.6170257677,21,2020,7764,47.9
15901.22066299101,25,2020,7764,0.57
0.3475156982421875,27,2020,7764,0.0
4189.741604041497,33,2020,7764,0.15
82948.93745082858,3,2021,7764,2.96
1285807.5936268875,4,2021,7764,45.9
78589.26692122131,12,2021,7764,2.81
1332957.654120759,21,2021,7764,47.59
16648.526451467133,25,2021,7764,0.59
0.3475156982421875,27,2021,7764,0.0
4246.69788439439,33,2021,7764,0.15
81896.99235797311,3,2022,7764,2.92
1271266.0068561018,4,2022,7764,45.38
78020.82152369758,12,2022,7764,2.79
1346888.964648571,21,2022,7764,48.08
16541.35990453975,25,2022,7764,0.59
0.26102216796875,27,2022,7764,0.0
6584.617658255565,33,2022,7764,0.24
81605.40865101994,3,2023,7764,2.91
1270620.7377842874,4,2023,7764,45.36
76339.84461587547,12,2023,7764,2.73
1349889.921644793,21,2023,7764,48.19
16618.495231161076,25,2023,7764,0.59
0.3475156982421875,27,2023,7764,0.0
6124.26852845545,33,2023,7764,0.22
18776.511658126816,3,2016,757,0.7
1144691.9320980925,4,2016,757,42.64
7056.04897894407,12,2016,757,0.26
1448447.258809707,21,2016,757,53.95
42770.60111713324,25,2016,757,1.59
247.37602319336003,27,2016,757,0.01
22558.2648727688,33,2016,757,0.84
18755.486331547287,3,2017,757,0.7
1145012.276635345,4,2017,757,42.65
7683.845496670603,12,2017,757,0.29
1446109.9478897864,21,2017,757,53.87
43796.269192922206,25,2017,757,1.63
248.3522369140633,27,2017,757,0.01
22941.8157748432,33,2017,757,0.85
18774.95991136506,3,2018,757,0.7
1137290.8799913514,4,2018,757,42.36
7467.458449193148,12,2018,757,0.28
1449854.2356321577,21,2018,757,54.01
46513.43341011509,25,2018,757,1.73
247.99711263427832,27,2018,757,0.01
24399.029051300527,33,2018,757,0.91
18755.461026682337,3,2019,757,0.7
1120449.3713083845,4,2019,757,41.74
7806.5083876772,12,2019,757,0.29
1464792.7761176329,21,2019,757,54.56
47483.24981026392,25,2019,757,1.77
235.57053804321384,27,2019,757,0.01
25025.056369360096,33,2019,757,0.93
18689.442229101987,3,2020,757,0.7
1095489.4200581168,4,2020,757,40.81
9731.635883609277,12,2020,757,0.36
1485819.9170800971,21,2020,757,55.35
48960.628177987724,25,2020,757,1.82
227.9371227966311,27,2020,757,0.01
25629.013006231387,33,2020,757,0.95
18624.36933980816,3,2021,757,0.69
1057276.0907269868,4,2021,757,39.38
9865.096631560777,12,2021,757,0.37
1524262.0826926308,21,2021,757,56.78
50318.05374364301,25,2021,757,1.87
224.3866507385255,27,2021,757,0.01
23977.913772423508,33,2021,757,0.89
18468.58985121332,3,2022,757,0.69
1055863.874574287,4,2022,757,39.33
8556.125294680136,12,2022,757,0.32
1524093.722726351,21,2022,757,56.77
50019.00712779187,25,2022,757,1.86
214.3566928894041,27,2022,757,0.01
27332.317290573326,33,2022,757,1.02
18371.37509011404,3,2023,757,0.68
1055828.7702069206,4,2023,757,39.33
7406.792859218228,12,2023,757,0.28
1522280.266816179,21,2023,757,56.71
52179.39844924875,25,2023,757,1.94
220.56997324829103,27,2023,757,0.01
28260.820162877648,33,2023,757,1.05
26362.645632276915,3,2016,771,3.36
76992.11681300432,4,2016,771,9.82
0.586904326171875,12,2016,771,0.0
675129.4010328434,21,2016,771,86.13
4517.178339113464,25,2016,771,0.58
0.175784619140625,27,2016,771,0.0
847.9688643141089,33,2016,771,0.11
26728.43069639327,3,2017,771,3.41
76631.95901856243,4,2017,771,9.78
0.6435475762580424,12,2017,771,0.0
674910.3721656965,21,2017,771,86.1
4646.099101734959,25,2017,771,0.59
0.175784619140625,27,2017,771,0.0
932.3930559068868,33,2017,771,0.12
26787.865792141343,3,2018,771,3.42
76368.47201776151,4,2018,771,9.74
0.5763418020450368,12,2018,771,0.0
674577.5999394826,21,2018,771,86.06
5201.627847624187,25,2018,771,0.66
0.175784619140625,27,2018,771,0.0
913.7556470422364,33,2018,771,0.12
27047.872256722912,3,2019,771,3.45
77797.36060818098,4,2019,771,9.93
1.8080128896915213,12,2019,771,0.0
672564.2747708792,21,2019,771,85.8
5455.837279574049,25,2019,771,0.7
0.175784619140625,27,2019,771,0.0
982.7446576130944,33,2019,771,0.13
26813.80818276316,3,2020,771,3.42
84138.68392483986,4,2020,771,10.73
2.863439760335287,12,2020,771,0.0
666145.9289681694,21,2020,771,84.98
5732.217247849077,25,2020,771,0.73
0.175784619140625,27,2020,771,0.0
1016.3958224775736,33,2020,771,0.13
26759.53880874389,3,2021,771,3.41
87539.6361126264,4,2021,771,11.17
9.37536730475931,12,2021,771,0.0
662668.84878627,21,2021,771,84.54
5945.368863715845,25,2021,771,0.76
0.175784619140625,27,2021,771,0.0
927.1296471880264,33,2021,771,0.12
26626.07116988032,3,2022,771,3.4
91219.95291015012,4,2022,771,11.64
9.376745819235412,12,2022,771,0.0
658851.751881408,21,2022,771,84.05
5970.872503313016,25,2022,771,0.76
0.175784619140625,27,2022,771,0.0
1171.872375266857,33,2022,771,0.15
26381.33369922266,3,2023,771,3.37
90254.83540061123,4,2023,771,11.51
0.4897146585621553,12,2023,771,0.0
659712.7466588268,21,2023,771,84.16
6419.738108088224,25,2023,771,0.82
0.175784619140625,27,2023,771,0.0
1080.754004423086,33,2023,771,0.14
25474.766922090104,3,2016,7712,1.74
712351.9004631416,4,2016,7712,48.65
1774.2103219447777,12,2016,7712,0.12
708291.1868218324,21,2016,7712,48.37
13704.891212436578,25,2016,7712,0.94
2666.301467747806,33,2016,7712,0.18
25507.374159578776,3,2017,7712,1.74
706455.8761786664,4,2017,7712,48.25
1820.805671525044,12,2017,7712,0.12
714055.7806470542,21,2017,7712,48.77
13990.671897589573,25,2017,7712,0.96
2432.7486547836074,33,2017,7712,0.17
25290.934949033515,3,2018,7712,1.73
677315.0724072279,4,2018,7712,46.26
1859.8806038142584,12,2018,7712,0.13
741815.6953233577,21,2018,7712,50.66
15821.891181034422,25,2018,7712,1.08
2159.782744757042,33,2018,7712,0.15
25218.65619565595,3,2019,7712,1.72
652954.5918516949,4,2019,7712,44.59
952.167997765711,12,2019,7712,0.07
765545.4594402034,21,2019,7712,52.28
16590.023491977587,25,2019,7712,1.13
3002.3582319190004,33,2019,7712,0.21
25114.98376380316,3,2020,7712,1.72
656722.2963708342,4,2020,7712,44.85
380.6028759883632,12,2020,7712,0.03
762008.6539376354,21,2020,7712,52.04
17018.813950373966,25,2020,7712,1.16
3017.906310605498,33,2020,7712,0.21
24873.73372609374,3,2021,7712,1.7
644547.1677587547,4,2021,7712,44.02
379.99404371337926,12,2021,7712,0.03
774751.3548283553,21,2021,7712,52.91
16989.094116387005,25,2021,7712,1.16
2721.912735937771,33,2021,7712,0.19
24685.771426025527,3,2022,7712,1.69
633949.106892347,4,2022,7712,43.29
322.44400779419016,12,2022,7712,0.02
786241.4126784427,21,2022,7712,53.7
16119.68174769084,25,2022,7712,1.1
2944.8404569151107,33,2022,7712,0.2
24388.143433227768,3,2023,7712,1.67
631208.6192577839,4,2023,7712,43.11
259.28953994751043,12,2023,7712,0.02
790011.1011982036,21,2023,7712,53.95
15630.471509149618,25,2023,7712,1.07
2765.6322709153337,33,2023,7712,0.19
95907.1329739041,3,2016,766,3.83
1032750.7051016892,4,2016,766,41.29
5530.417426007418,12,2016,766,0.22
1351498.30405235,21,2016,766,54.03
10174.225263117209,25,2016,766,0.41
5397.885285071423,33,2016,766,0.22
94489.04990304934,3,2017,766,3.78
1030193.3657859946,4,2017,766,41.19
5508.890351321537,12,2017,766,0.22
1356289.491380138,21,2017,766,54.22
10459.637396626262,25,2017,766,0.42
4318.2352849854105,33,2017,766,0.17
94589.5511806378,3,2018,766,3.78
1048933.069818284,4,2018,766,41.94
5472.8445057093495,12,2018,766,0.22
1336464.867990362,21,2018,766,53.43
11117.5111521934,25,2018,766,0.44
4680.825454889846,33,2018,766,0.19
94555.86343582669,3,2019,766,3.78
1052486.7461974658,4,2019,766,42.08
5548.193286142294,12,2019,766,0.22
1333039.0546411928,21,2019,766,53.29
11371.707972006556,25,2019,766,0.45
4257.104569450118,33,2019,766,0.17
93710.11743555854,3,2020,766,3.75
1044025.342388289,4,2020,766,41.74
5591.9749164552,12,2020,766,0.22
1341838.1477919985,21,2020,766,53.65
11642.4993486509,25,2020,766,0.47
4450.588221144797,33,2020,766,0.18
93765.95690205786,3,2021,766,3.75
1056562.7277793884,4,2021,766,42.24
5574.687347729715,12,2021,766,0.22
1329115.3490969464,21,2021,766,53.14
11756.089816066677,25,2021,766,0.47
4483.859159920684,33,2021,766,0.18
92601.9386381843,3,2022,766,3.7
1035702.0865054406,4,2022,766,41.41
5519.244892323961,12,2022,766,0.22
1348129.0131389606,21,2022,766,53.9
11704.936866465696,25,2022,766,0.47
7601.450060726463,33,2022,766,0.3
92313.08565105576,3,2023,766,3.69
1032941.8448215212,4,2023,766,41.3
4892.471559231029,12,2023,766,0.2
1352178.3867774864,21,2023,766,54.06
11772.45714222063,25,2023,766,0.47
7160.424150575616,33,2023,766,0.29
491262.9723507519,3,2016,7746,15.43
1543808.592427228,4,2016,7746,48.48
88723.96093583858,12,2016,7746,2.79
1046353.313201574,21,2016,7746,32.86
8995.158589248129,25,2016,7746,0.28
0.1743032348632812,27,2016,7746,0.0
5158.540716004515,33,2016,7746,0.16
490899.7004806697,3,2017,7746,15.42
1567084.6100482824,4,2017,7746,49.21
85150.09885807442,12,2017,7746,2.67
1027142.6605063588,21,2017,7746,32.26
9216.36062910259,25,2017,7746,0.29
0.1743032348632812,27,2017,7746,0.0
4809.107698194625,33,2017,7746,0.15
490359.3712904384,3,2018,7746,15.4
1578085.5702235396,4,2018,7746,49.56
81400.01486593866,12,2018,7746,2.56
1020097.130290778,21,2018,7746,32.04
9819.71597500686,25,2018,7746,0.31
0.1743032348632812,27,2018,7746,0.0
4540.735574913939,33,2018,7746,0.14
489919.3295627759,3,2019,7746,15.39
1569509.8319041498,4,2019,7746,49.29
87375.4621736984,12,2019,7746,2.74
1022704.7650241352,21,2019,7746,32.12
10164.108913474687,25,2019,7746,0.32
0.1743032348632812,27,2019,7746,0.0
4629.040642353551,33,2019,7746,0.15
488191.0357929697,3,2020,7746,15.33
1548749.1142515042,4,2020,7746,48.64
92108.49902983668,12,2020,7746,2.89
1039149.2808621556,21,2020,7746,32.63
10660.20451322917,25,2020,7746,0.33
0.1743032348632812,27,2020,7746,0.0
5444.4037708601445,33,2020,7746,0.17
486029.34075846686,3,2021,7746,15.26
1533776.490615092,4,2021,7746,48.17
94550.13276396706,12,2021,7746,2.97
1053352.280663818,21,2021,7746,33.08
11289.094092268271,25,2021,7746,0.35
0.1743032348632812,27,2021,7746,0.0
5305.199326937008,33,2021,7746,0.17
479193.89160458127,3,2022,7746,15.05
1513175.2011851105,4,2022,7746,47.52
91748.79900756816,12,2022,7746,2.88
1082304.5801181477,21,2022,7746,33.99
11459.536306618696,25,2022,7746,0.36
0.17464580078125,27,2022,7746,0.0
6420.529656009517,33,2022,7746,0.2
478035.3756980629,3,2023,7746,15.01
1532689.5752304976,4,2023,7746,48.13
68021.52049583681,12,2023,7746,2.14
1087237.5571200782,21,2023,7746,34.14
11874.794389852615,25,2023,7746,0.37
0.1743032348632812,27,2023,7746,0.0
6443.715286306693,33,2023,7746,0.2
521948.10252197634,3,2016,753,16.22
1985346.177227325,4,2016,753,61.69
31595.644940406342,12,2016,753,0.98
544173.765717553,21,2016,753,16.91
104078.40438156434,25,2016,753,3.23
0.0891893005371093,27,2016,753,0.0
31023.49856515457,33,2016,753,0.96
521261.99778267136,3,2017,753,16.2
2002198.8230149029,4,2017,753,62.22
30676.761399276915,12,2017,753,0.95
521434.6529150836,21,2017,753,16.2
105970.51461309328,25,2017,753,3.29
0.0891893005371093,27,2017,753,0.0
36622.84362890351,33,2017,753,1.14
517836.19274406607,3,2018,753,16.09
2001537.886223872,4,2018,753,62.19
30043.036721306195,12,2018,753,0.93
518166.8564093289,21,2018,753,16.1
107739.72012435844,25,2018,753,3.35
0.0891893005371093,27,2018,753,0.0
42841.901130981605,33,2018,753,1.33
514921.0435120254,3,2019,753,16.0
1999100.1775734,4,2019,753,62.12
29547.12538537978,12,2019,753,0.92
517409.5055276475,21,2019,753,16.08
107596.57569862391,25,2019,753,3.34
0.1783765319824218,27,2019,753,0.0
49591.07646963436,33,2019,753,1.54
509473.3630719004,3,2020,753,15.83
1994259.2143234536,4,2020,753,61.97
29476.488033409307,12,2020,753,0.92
525597.9318974878,21,2020,753,16.33
107359.72863393788,25,2020,753,3.34
0.3567566955566406,27,2020,753,0.0
51998.59982632457,33,2020,753,1.62
503508.3807830968,3,2021,753,15.65
1974368.9408956333,4,2021,753,61.35
30002.80363517446,12,2021,753,0.93
550106.1361584216,21,2021,753,17.09
110020.89641653185,25,2021,753,3.42
0.3567566955566406,27,2021,753,0.0
50158.167897686864,33,2021,753,1.56
503387.616763102,3,2022,753,15.64
1983840.793120566,4,2022,753,61.65
28831.402343748585,12,2022,753,0.9
536553.848375374,21,2022,753,16.67
109939.52616866946,25,2022,753,3.42
0.3567566955566406,27,2022,753,0.0
55612.13901511389,33,2022,753,1.73
500096.8515369975,3,2023,753,15.54
1982019.851485612,4,2023,753,61.59
26282.15255432076,12,2023,753,0.82
543045.6741433975,21,2023,753,16.87
108096.57295234175,25,2023,753,3.36
0.0891872314453125,27,2023,753,0.0
58624.4906833832,33,2023,753,1.82
102845.56120556314,3,2016,764,14.8
332600.4008434167,4,2016,764,47.85
0.0800925932521446,12,2016,764,0.0
255223.5376317117,21,2016,764,36.72
2455.0417196079,25,2016,764,0.35
1908.8579413252703,33,2016,764,0.27
102876.94489792624,3,2017,764,14.8
332554.6848613815,4,2017,764,47.85
0.0800925932521446,12,2017,764,0.0
255213.04149828668,21,2017,764,36.72
2542.5363468588507,25,2017,764,0.37
1846.191737168777,33,2017,764,0.27
102911.12773900833,3,2018,764,14.81
334006.80578212923,4,2018,764,48.06
0.0800925932521446,12,2018,764,0.0
253505.40852435943,21,2018,764,36.47
2574.6539006711064,25,2018,764,0.37
2035.4033954573488,33,2018,764,0.29
102852.95028766672,3,2019,764,14.8
333562.4242796892,4,2019,764,47.99
0.0800925932521446,12,2019,764,0.0
253888.5504928655,21,2019,764,36.53
3327.798888482456,25,2019,764,0.48
1401.675392912186,33,2019,764,0.2
102327.65032197114,3,2020,764,14.72
332056.2010067998,4,2020,764,47.78
0.0490748627786075,12,2020,764,0.0
255710.837404738,21,2020,764,36.79
3496.3313478686164,25,2020,764,0.5
1442.4102779861953,33,2020,764,0.21
101691.19639811791,3,2021,764,14.63
326736.0445349513,4,2021,764,47.01
2.4012370637063416,12,2021,764,0.0
261436.68052378105,21,2021,764,37.61
3879.9291012032927,25,2021,764,0.56
1287.2276391095074,33,2021,764,0.19
100662.83139028914,3,2022,764,14.48
318860.9896536148,4,2022,764,45.88
2.4012370637063416,12,2022,764,0.0
270501.3959353052,21,2022,764,38.92
3745.55614143314,25,2022,764,0.54
1260.3050765166165,33,2022,764,0.18
99991.38417430784,3,2023,764,14.39
316740.66358842904,4,2023,764,45.57
0.6960556319891238,12,2023,764,0.0
274395.46863824746,21,2023,764,39.48
2687.603469359542,25,2023,764,0.39
1217.663508258106,33,2023,764,0.18
15268.941299413296,3,2016,7541,0.44
1914818.085104955,4,2016,7541,54.64
5080.532848242386,12,2016,7541,0.14
1531402.3993272032,21,2016,7541,43.7
17185.183136551703,25,2016,7541,0.49
20898.16967220801,33,2016,7541,0.6
15300.08922083169,3,2017,7541,0.44
1928950.848039716,4,2017,7541,55.04
4874.2178462585725,12,2017,7541,0.14
1515463.564917358,21,2017,7541,43.24
17701.159970805034,25,2017,7541,0.51
22363.431393605304,33,2017,7541,0.64
15316.020715423016,3,2018,7541,0.44
1930725.790317465,4,2018,7541,55.09
4833.9135121277,12,2018,7541,0.14
1504112.157318795,21,2018,7541,42.92
18754.20237804294,25,2018,7541,0.54
30911.22714685989,33,2018,7541,0.88
15381.572378928382,3,2019,7541,0.44
1914160.0549942583,4,2019,7541,54.62
5190.18123972882,12,2019,7541,0.15
1520115.5257628353,21,2019,7541,43.37
19235.6180220842,25,2019,7541,0.55
30570.358990854893,33,2019,7541,0.87
15396.093726326835,3,2020,7541,0.44
1910036.570528329,4,2020,7541,54.5
5601.240304603074,12,2020,7541,0.16
1517952.784634258,21,2020,7541,43.31
19626.21060207227,25,2020,7541,0.56
36040.4115931142,33,2020,7541,1.03
15441.182424085811,3,2021,7541,0.44
1888124.6777081173,4,2021,7541,53.87
5736.149605008015,12,2021,7541,0.16
1541042.1634139898,21,2021,7541,43.97
19930.460553514866,25,2021,7541,0.57
34378.67768393206,33,2021,7541,0.98
15457.173444074271,3,2022,7541,0.44
1865080.268707298,4,2022,7541,53.22
5019.175238208951,12,2022,7541,0.14
1552447.0532766846,21,2022,7541,44.3
19450.63431851682,25,2022,7541,0.55
47199.00640390587,33,2022,7541,1.35
15282.18206138238,3,2023,7541,0.44
1857442.738263532,4,2023,7541,53.0
4805.580478028287,12,2023,7541,0.14
1547860.4817816915,21,2023,7541,44.17
19766.546725397955,25,2023,7541,0.56
59495.78207862032,33,2023,7541,1.7
197504.1885305749,3,2016,7721,7.69
844899.0297017103,4,2016,7721,32.89
1712.1676189575187,12,2016,7721,0.07
1505665.4878533694,21,2016,7721,58.61
13530.056980631052,25,2016,7721,0.53
5559.509702123973,33,2016,7721,0.22
197049.3228159312,3,2017,7721,7.67
860106.8517654504,4,2017,7721,33.48
1772.2877464671417,12,2017,7721,0.07
1490885.8901920335,21,2017,7721,58.04
14142.539817951802,25,2017,7721,0.55
4913.548049527128,33,2017,7721,0.19
197629.24634126428,3,2018,7721,7.69
858265.040960384,4,2018,7721,33.41
1692.9169904101311,12,2018,7721,0.07
1490963.3581875232,21,2018,7721,58.04
15265.288020704564,25,2018,7721,0.59
5054.589887083486,33,2018,7721,0.2
198845.6443172613,3,2019,7721,7.74
850905.1549670207,4,2019,7721,33.12
1523.0233280383056,12,2019,7721,0.06
1496250.29384572,21,2019,7721,58.25
15672.763649542274,25,2019,7721,0.61
5673.560279759129,33,2019,7721,0.22
198657.00838654552,3,2020,7721,7.73
844507.7608839367,4,2020,7721,32.87
1416.8681657519294,12,2020,7721,0.06
1502645.2393907346,21,2020,7721,58.49
16331.007232191463,25,2020,7721,0.64
5312.556328169916,33,2020,7721,0.21
197817.039687822,3,2021,7721,7.7
807474.6265536111,4,2021,7721,31.43
1450.11706751082,12,2021,7721,0.06
1540443.6808232714,21,2021,7721,59.97
16854.774560694612,25,2021,7721,0.66
4830.20169441322,33,2021,7721,0.19
195102.89086262352,3,2022,7721,7.59
798711.0622036371,4,2022,7721,31.09
1375.595113830402,12,2022,7721,0.05
1551617.9056018142,21,2022,7721,60.4
16693.103008955593,25,2022,7721,0.65
5369.883596499463,33,2022,7721,0.21
194651.22037457544,3,2023,7721,7.58
797248.2152388353,4,2023,7721,31.03
1156.8811857971216,12,2023,7721,0.05
1553286.655443166,21,2023,7721,60.47
17580.382131454167,25,2023,7721,0.68
4947.08601353756,33,2023,7721,0.19
13556.029763027396,3,2016,772,1.47
247021.51670571207,4,2016,772,26.86
25.867929980468748,12,2016,772,0.0
651929.766179916,21,2016,772,70.88
6274.547100078566,25,2016,772,0.68
919.425539409874,33,2016,772,0.1
13502.36253177676,3,2017,772,1.47
248867.13709440312,4,2017,772,27.06
26.21851541748045,12,2017,772,0.0
650217.6530049304,21,2017,772,70.7
6211.9013152254765,25,2017,772,0.68
901.8807563755532,33,2017,772,0.1
13329.501166047854,3,2018,772,1.45
247409.2187252319,4,2018,772,26.9
21.66153729248048,12,2018,772,0.0
651379.5441650628,21,2018,772,70.82
6632.690543568301,25,2018,772,0.72
954.5370809204786,33,2018,772,0.1
13244.8280092435,3,2019,772,1.44
238425.99519727883,4,2019,772,25.92
26.484235449218744,12,2019,772,0.0
659944.6847815122,21,2019,772,71.75
6953.724637893219,25,2019,772,0.76
1131.4363567428732,33,2019,772,0.12
13239.906438531016,3,2020,772,1.44
236046.92803850264,4,2020,772,25.66
24.384562017822287,12,2020,772,0.0
661922.4769117918,21,2020,772,71.97
7478.764662064911,25,2020,772,0.81
1014.692605186335,33,2020,772,0.11
13372.039436194344,3,2021,772,1.45
225366.2204037084,4,2021,772,24.5
30.08351518554689,12,2021,772,0.0
672114.8641043204,21,2021,772,73.08
7944.390542740081,25,2021,772,0.86
899.5552159385292,33,2021,772,0.1
13227.405096107164,3,2022,772,1.44
221123.21114734843,4,2022,772,24.04
27.6283498413086,12,2022,772,0.0
676307.1802806532,21,2022,772,73.53
7913.984856704135,25,2022,772,0.86
1127.743487431473,33,2022,772,0.12
13165.442445283516,3,2023,772,1.43
217620.09243804475,4,2023,772,23.66
24.209216699218768,12,2023,772,0.0
679515.6393759862,21,2023,772,73.88
8414.752951321052,25,2023,772,0.91
987.0167907521192,33,2023,772,0.11
35133.35781608152,3,2016,7619,0.97
2729371.005441456,4,2016,7619,75.51
73545.41873817022,12,2016,7619,2.03
691606.4010922159,21,2016,7619,19.13
64610.64467160902,25,2016,7619,1.79
0.0878479858398437,27,2016,7619,0.0
20220.615199004027,33,2016,7619,0.56
35126.950668473895,3,2017,7619,0.97
2729171.699225346,4,2017,7619,75.51
73403.9863769323,12,2017,7619,2.03
695661.5734798402,21,2017,7619,19.25
62797.89197667346,25,2017,7619,1.74
0.0878479858398437,27,2017,7619,0.0
18325.34123128129,33,2017,7619,0.51
33822.2582977619,3,2018,7619,0.94
2721599.3245702223,4,2018,7619,75.3
74639.33742725333,12,2018,7619,2.07
701640.7235325963,21,2018,7619,19.41
64138.45806220965,25,2018,7619,1.77
0.0878479858398437,27,2018,7619,0.0
18647.34106849085,33,2018,7619,0.52
32923.93987002385,3,2019,7619,0.91
2706985.262945689,4,2019,7619,74.89
75905.58777570544,12,2019,7619,2.1
714963.5549069056,21,2019,7619,19.78
64890.491601134105,25,2019,7619,1.8
0.0878479858398437,27,2019,7619,0.0
18818.605859058785,33,2019,7619,0.52
31090.536277929,3,2020,7619,0.86
2696350.632045859,4,2020,7619,74.6
78730.2391400617,12,2020,7619,2.18
703519.3920739434,21,2020,7619,19.46
64640.84590852379,25,2020,7619,1.79
0.0878479858398437,27,2020,7619,0.0
40155.79751221168,33,2020,7619,1.11
30947.13380385435,3,2021,7619,0.86
2688694.72422338,4,2021,7619,74.39
81107.4120707649,12,2021,7619,2.24
714784.2200164243,21,2021,7619,19.78
64770.357821920974,25,2021,7619,1.79
0.0878479858398437,27,2021,7619,0.0
34183.59502214979,33,2021,7619,0.95
30554.147361963696,3,2022,7619,0.85
2687806.6607232103,4,2022,7619,74.36
78831.50033491211,12,2022,7619,2.18
708414.1265897269,21,2022,7619,19.6
62301.939514707294,25,2022,7619,1.72
46579.15628199092,33,2022,7619,1.29
30537.43506688265,3,2023,7619,0.84
2694382.9437218355,4,2023,7619,74.54
73408.38112072494,12,2023,7619,2.03
712637.5985139859,21,2023,7619,19.72
61900.15105331536,25,2023,7619,1.71
41621.02132975302,33,2023,7619,1.15
291512.80861453543,3,2016,7443,8.02
2935825.010437339,4,2016,7443,80.8
13660.425109752528,12,2016,7443,0.38
369232.7701090602,21,2016,7443,10.16
18240.07318008527,25,2016,7443,0.5
5066.272869831949,33,2016,7443,0.14
297910.7073095832,3,2017,7443,8.2
2920512.947206773,4,2017,7443,80.38
12913.310832454135,12,2017,7443,0.36
377836.5326455945,21,2017,7443,10.4
19626.44295345746,25,2017,7443,0.54
4737.419372749014,33,2017,7443,0.13
296677.33863444044,3,2018,7443,8.16
2914088.5390849942,4,2018,7443,80.2
11972.010158089774,12,2018,7443,0.33
384179.1003723467,21,2018,7443,10.57
21167.077468386648,25,2018,7443,0.58
5453.294602303744,33,2018,7443,0.15
285041.63864226046,3,2019,7443,7.84
2911899.701639185,4,2019,7443,80.14
11083.68237918236,12,2019,7443,0.31
398617.9624487551,21,2019,7443,10.97
21690.28929463245,25,2019,7443,0.6
5204.085916575752,33,2019,7443,0.14
280952.52058197785,3,2020,7443,7.73
2899942.056787492,4,2020,7443,79.81
10066.599390429856,12,2020,7443,0.28
414520.6249171044,21,2020,7443,11.41
21768.19879424795,25,2020,7443,0.6
6287.359849308919,33,2020,7443,0.17
279653.49690627906,3,2021,7443,7.7
2878628.9350902424,4,2021,7443,79.22
9793.37917800375,12,2021,7443,0.27
438011.4719589746,21,2021,7443,12.05
21730.30899223935,25,2021,7443,0.6
5719.768194780505,33,2021,7443,0.16
279260.7015328765,3,2022,7443,7.69
2860240.4446854326,4,2022,7443,78.72
9165.213807704178,12,2022,7443,0.25
457787.09182787663,21,2022,7443,12.6
21150.8712116022,25,2022,7443,0.58
5933.037255106128,33,2022,7443,0.16
279194.9898061432,3,2023,7443,7.68
2861249.261955704,4,2023,7443,78.75
6883.456911890433,12,2023,7443,0.19
459664.6485603637,21,2023,7443,12.65
20418.365334688988,25,2023,7443,0.56
6126.637751812743,33,2023,7443,0.17
91414.72364802222,3,2016,765,4.23
920754.5677249344,4,2016,765,42.62
11922.713657144324,12,2016,765,0.55
1101177.4632223817,21,2016,765,50.97
18872.197863245376,25,2016,765,0.87
16485.051848042527,33,2016,765,0.76
91422.30290579308,3,2017,765,4.23
914482.6790269724,4,2017,765,42.32
11923.408905716104,12,2017,765,0.55
1108497.9628014602,21,2017,765,51.3
19148.295848793096,25,2017,765,0.89
15152.068475039114,33,2017,765,0.7
91463.9371100659,3,2018,765,4.23
911477.773164192,4,2018,765,42.19
11922.193762033246,12,2018,765,0.55
1112190.7464392905,21,2018,765,51.48
18063.606989169955,25,2018,765,0.84
15508.460499017268,33,2018,765,0.72
91255.4478192192,3,2019,765,4.22
902573.276499287,4,2019,765,41.77
11922.367355294964,12,2019,765,0.55
1121101.3023773762,21,2019,765,51.89
18561.12685615172,25,2019,765,0.86
15213.197056446468,33,2019,765,0.7
90607.4804249668,3,2020,765,4.19
893602.2571739639,4,2020,765,41.36
11923.235732437295,12,2020,765,0.55
1128566.2995021252,21,2020,765,52.23
18966.4400331436,25,2020,765,0.88
16961.00509714156,33,2020,765,0.79
89882.659075277,3,2021,765,4.16
871187.1087938752,4,2021,765,40.32
11923.930994264663,12,2021,765,0.55
1152178.0408187849,21,2021,765,53.33
19283.508565306514,25,2021,765,0.89
16171.46971627423,33,2021,765,0.75
88407.40093833656,3,2022,765,4.09
859786.9382382649,4,2022,765,39.79
11924.191393159928,12,2022,765,0.55
1160404.2482205564,21,2022,765,53.71
19219.19780383908,25,2022,765,0.89
20884.74136965145,33,2022,765,0.97
88082.01269756122,3,2023,765,4.08
857480.131565488,4,2023,765,39.69
11923.49684660231,12,2023,765,0.55
1165600.3879041371,21,2023,765,53.95
19883.21236256338,25,2023,765,0.92
17657.476587453388,33,2023,765,0.82
150146.76275371766,3,2016,7544,3.95
2480113.4687538086,4,2016,7544,65.28
2809.022181792657,12,2016,7544,0.07
1128956.3996096055,21,2016,7544,29.72
20552.371491076938,25,2016,7544,0.54
16432.259270668183,33,2016,7544,0.43
148119.51875498838,3,2017,7544,3.9
2448859.6558840424,4,2017,7544,64.46
3021.3709251024184,12,2017,7544,0.08
1165962.732982628,21,2017,7544,30.69
21099.68626993348,25,2017,7544,0.56
11947.319243976674,33,2017,7544,0.31
148798.3524498093,3,2018,7544,3.92
2415442.520129854,4,2018,7544,63.58
3449.4190624750577,12,2018,7544,0.09
1195895.8592500917,21,2018,7544,31.48
22348.06718476186,25,2018,7544,0.59
13076.065983749388,33,2018,7544,0.34
151985.28941562772,3,2019,7544,4.0
2354508.924833835,4,2019,7544,61.98
3118.7016735928164,12,2019,7544,0.08
1252829.4698925954,21,2019,7544,32.98
23548.538350840816,25,2019,7544,0.62
13019.359894294344,33,2019,7544,0.34
162034.7408107398,3,2020,7544,4.27
2312738.540867233,4,2020,7544,60.88
2909.736914386009,12,2020,7544,0.08
1275082.904897711,21,2020,7544,33.56
24423.07742038508,25,2020,7544,0.64
21821.28315027325,33,2020,7544,0.57
168743.70199744182,3,2021,7544,4.44
2274484.866060073,4,2021,7544,59.87
2801.512401590764,12,2021,7544,0.07
1304876.5997773688,21,2021,7544,34.35
24913.70248272348,25,2021,7544,0.66
23189.90134157349,33,2021,7544,0.61
177568.02430067226,3,2022,7544,4.67
2204929.173886108,4,2022,7544,58.04
2227.265970622317,12,2022,7544,0.06
1359725.1180678194,21,2022,7544,35.79
24768.729747790832,25,2022,7544,0.65
29791.972087763115,33,2022,7544,0.78
177115.78960133225,3,2023,7544,4.66
2194859.6976700854,4,2023,7544,57.77
1609.989516125274,12,2023,7544,0.04
1365778.678455453,21,2023,7544,35.95
25525.241768342235,25,2023,7544,0.67
34120.8870494226,33,2023,7544,0.9
2352.2765003019063,3,2016,7438,0.07
2624942.157336504,4,2016,7438,73.11
41519.99195621918,12,2016,7438,1.16
894159.0453170525,21,2016,7438,24.9
21440.948136223946,25,2016,7438,0.6
6102.834992253001,33,2016,7438,0.17
2423.4663157942746,3,2017,7438,0.07
2609530.894280073,4,2017,7438,72.68
40949.84585562056,12,2017,7438,1.14
908307.8896638016,21,2017,7438,25.3
23801.785780918573,25,2017,7438,0.66
5503.372342314441,33,2017,7438,0.15
2191.478474505313,3,2018,7438,0.06
2588862.960944516,4,2018,7438,72.1
40332.18977902649,12,2018,7438,1.12
926204.3090728896,21,2018,7438,25.8
27353.39194698247,25,2018,7438,0.76
5572.924020665273,33,2018,7438,0.16
2196.144963940893,3,2019,7438,0.06
2569704.6552834893,4,2019,7438,71.57
39972.50139708848,12,2019,7438,1.11
943668.1317158324,21,2019,7438,26.28
28789.826986472544,25,2019,7438,0.8
6185.993891797912,33,2019,7438,0.17
2204.6721560734627,3,2020,7438,0.06
2541306.95962584,4,2020,7438,70.78
40656.77497141504,12,2020,7438,1.13
968837.2052424127,21,2020,7438,26.98
29609.636015691845,25,2020,7438,0.82
7902.006227216616,33,2020,7438,0.22
2348.0611675461964,3,2021,7438,0.07
2519278.242310534,4,2021,7438,70.16
40331.954543179,12,2021,7438,1.12
991787.6829121663,21,2021,7438,27.62
29072.97296025095,25,2021,7438,0.81
7698.340344977439,33,2021,7438,0.21
2347.224559996482,3,2022,7438,0.07
2489313.157030204,4,2022,7438,69.33
38125.89017002899,12,2022,7438,1.06
1024113.1362568812,21,2022,7438,28.52
28031.02811933832,25,2022,7438,0.78
8586.818102219238,33,2022,7438,0.24
2340.03592884445,3,2023,7438,0.07
2491486.456370308,4,2023,7438,69.39
32397.18969382718,12,2023,7438,0.9
1028751.1591386276,21,2023,7438,28.65
26477.345337737024,25,2023,7438,0.74
9065.0677693188,33,2023,7438,0.25
108769.48036347397,3,2016,763,2.83
2399837.2948051253,4,2016,763,62.46
56264.82280144845,12,2016,763,1.46
1242149.5521119025,21,2016,763,32.33
13468.909501971904,25,2016,763,0.35
0.3500713134765625,27,2016,763,0.0
21589.3267071556,33,2016,763,0.56
108807.81157941165,3,2017,763,2.83
2406228.882720376,4,2017,763,62.63
56773.01408302822,12,2017,763,1.48
1236043.527047422,21,2017,763,32.17
13904.172582890398,25,2017,763,0.36
0.3500713134765625,27,2017,763,0.0
20321.978277850143,33,2017,763,0.53
108879.93012944788,3,2018,763,2.83
2416932.999834644,4,2018,763,62.91
57665.894952258925,12,2018,763,1.5
1223542.593219849,21,2018,763,31.85
14692.898095475568,25,2018,763,0.38
0.3500713134765625,27,2018,763,0.0
20365.070059259888,33,2018,763,0.53
108840.37318652232,3,2019,763,2.83
2427343.162832295,4,2019,763,63.18
58083.07030633966,12,2019,763,1.51
1212165.679280938,21,2019,763,31.55
15089.899245385228,25,2019,763,0.39
0.3500713134765625,27,2019,763,0.0
20557.20143943721,33,2019,763,0.54
108469.47705023686,3,2020,763,2.82
2433717.096790099,4,2020,763,63.34
58956.15530176239,12,2020,763,1.53
1202800.920785121,21,2020,763,31.31
15733.007781329625,25,2020,763,0.41
0.3500713134765625,27,2020,763,0.0
22402.7285823946,33,2020,763,0.58
108422.34046827273,3,2021,763,2.82
2422274.742849921,4,2021,763,63.05
59213.35009174352,12,2021,763,1.54
1214023.6029366874,21,2021,763,31.6
16225.941552574115,25,2021,763,0.42
0.3500713134765625,27,2021,763,0.0
21919.408391792887,33,2021,763,0.57
108056.05440012387,3,2022,763,2.81
2410120.315541489,4,2022,763,62.73
59034.67091122812,12,2022,763,1.54
1223792.4403171723,21,2022,763,31.85
15829.806937907211,25,2022,763,0.41
0.3500713134765625,27,2022,763,0.0
25246.09818306865,33,2022,763,0.66
107967.9279770497,3,2023,763,2.81
2404833.5629372755,4,2023,763,62.59
58504.89014960386,12,2023,763,1.52
1231212.1350726662,21,2023,763,32.05
16569.82363848681,25,2023,763,0.43
0.3500713134765625,27,2023,763,0.0
22991.046515918293,33,2023,763,0.6
4507.975378913834,3,2016,7591,1.1
82869.02832804555,4,2016,7591,20.31
37.48866995909447,12,2016,7591,0.01
306774.251545207,21,2016,7591,75.18
12928.842384295373,25,2016,7591,3.17
955.4539557339796,33,2016,7591,0.23
4639.902900090507,3,2017,7591,1.14
84546.11576815989,4,2017,7591,20.72
32.31497648131125,12,2017,7591,0.01
304232.8725225343,21,2017,7591,74.55
13468.604620168082,25,2017,7591,3.3
1153.2294747231178,33,2017,7591,0.28
4763.941851892578,3,2018,7591,1.17
90989.09306730088,4,2018,7591,22.3
28.25703362852808,12,2018,7591,0.01
296488.737680285,21,2018,7591,72.66
14494.098519289568,25,2018,7591,3.55
1308.912109768883,33,2018,7591,0.32
4871.482793349936,3,2019,7591,1.19
90808.24790235702,4,2019,7591,22.25
35.42975252501245,12,2019,7591,0.01
295604.0295660455,21,2019,7591,72.44
15451.94054511645,25,2019,7591,3.79
1301.9097027672894,33,2019,7591,0.32
4931.405191787976,3,2020,7591,1.21
89467.97251020634,4,2020,7591,21.92
57.61343892637963,12,2020,7591,0.01
296278.37122247263,21,2020,7591,72.6
16008.830424574038,25,2020,7591,3.92
1328.8474741919204,33,2020,7591,0.33
4923.377560806614,3,2021,7591,1.21
87901.66817405139,4,2021,7591,21.54
71.24907516970167,12,2021,7591,0.02
297370.1847036877,21,2021,7591,72.87
16492.669083807006,25,2021,7591,4.04
1313.891664636113,33,2021,7591,0.32
4782.892952473394,3,2022,7591,1.17
85882.58340544962,4,2022,7591,21.05
73.61054153143189,12,2022,7591,0.02
299097.47947294335,21,2022,7591,73.3
16613.24696428002,25,2022,7591,4.07
1623.2269254737755,33,2022,7591,0.4
4784.280303884424,3,2023,7591,1.17
85366.59952579456,4,2023,7591,20.92
61.18271647384343,12,2023,7591,0.01
298935.9452841358,21,2023,7591,73.26
17297.524372705084,25,2023,7591,4.24
1627.5080591579988,33,2023,7591,0.4
12812.559729325932,3,2016,7592,1.3
396606.603872613,4,2016,7592,40.16
417.0529638988293,12,2016,7592,0.04
562535.0641748873,21,2016,7592,56.96
14851.743674964418,25,2016,7592,1.5
429.496385325496,33,2016,7592,0.04
12878.517977262922,3,2017,7592,1.3
392321.1512050258,4,2017,7592,39.72
414.5123609826178,12,2017,7592,0.04
565673.330503511,21,2017,7592,57.27
15859.64525062843,25,2017,7592,1.61
505.3635036011936,33,2017,7592,0.05
12957.921477934287,3,2018,7592,1.31
398367.00723767496,4,2018,7592,40.33
373.0035151707544,12,2018,7592,0.04
557582.0475606921,21,2018,7592,56.46
17494.13368552256,25,2018,7592,1.77
878.407324005246,33,2018,7592,0.09
13022.905578265374,3,2019,7592,1.32
403192.0854132384,4,2019,7592,40.82
564.0101635454484,12,2019,7592,0.06
550579.6452555106,21,2019,7592,55.75
19367.617935106344,25,2019,7592,1.96
926.2564553276022,33,2019,7592,0.09
13014.82305043334,3,2020,7592,1.32
410700.2878815129,4,2020,7592,41.58
634.4711296099009,12,2020,7592,0.06
540928.8049739675,21,2020,7592,54.77
20360.19976554141,25,2020,7592,2.06
2013.933999943368,33,2020,7592,0.2
12986.148640635804,3,2021,7592,1.31
416666.9007271297,4,2021,7592,42.19
705.8775093466842,12,2021,7592,0.07
534590.0091274515,21,2021,7592,54.13
20828.707529924388,25,2021,7592,2.11
1874.8772665327213,33,2021,7592,0.19
12933.825741494638,3,2022,7592,1.31
419527.3523074179,4,2022,7592,42.48
758.7380075429398,12,2022,7592,0.08
531208.5607106437,21,2022,7592,53.78
21097.774079653205,25,2022,7592,2.14
2126.2699542709247,33,2022,7592,0.22
12930.019369412124,3,2023,7592,1.31
419269.7989859554,4,2023,7592,42.45
655.8253172431492,12,2023,7592,0.07
531157.871985657,21,2023,7592,53.78
21569.2370401424,25,2023,7592,2.18
2069.7681026123005,33,2023,7592,0.21
51374.15440068706,3,2016,7622,3.06
1308801.9863439975,4,2016,7622,77.96
1886.4045042967743,12,2016,7622,0.11
305498.03348407126,21,2016,7622,18.2
8802.107584739868,25,2016,7622,0.52
2399.510565917853,33,2016,7622,0.14
51434.14983507279,3,2017,7622,3.06
1309633.6087828611,4,2017,7622,78.01
1881.903209697134,12,2017,7622,0.11
305038.06584424817,21,2017,7622,18.17
8733.506641683662,25,2017,7622,0.52
2040.9625701192715,33,2017,7622,0.12
51417.89786415155,3,2018,7622,3.06
1309984.9618077795,4,2018,7622,78.03
2224.283155811053,12,2018,7622,0.13
304417.3676027066,21,2018,7622,18.13
8704.002213207976,25,2018,7622,0.52
2013.684240046771,33,2018,7622,0.12
51388.288404552,3,2019,7622,3.06
1304648.5109329426,4,2019,7622,77.71
2665.5058183789542,12,2019,7622,0.16
309246.8943941361,21,2019,7622,18.42
8796.453219225765,25,2019,7622,0.52
2016.5441144924712,33,2019,7622,0.12
51073.18882182361,3,2020,7622,3.04
1298372.4528199306,4,2020,7622,77.34
3431.608034130508,12,2020,7622,0.2
314734.7615599426,21,2020,7622,18.75
8915.408440903917,25,2020,7622,0.53
2234.777206978642,33,2020,7622,0.13
50607.85134795847,3,2021,7622,3.01
1286478.6987592871,4,2021,7622,76.63
3504.5245350955706,12,2021,7622,0.21
326848.8052998879,21,2021,7622,19.47
9040.255572984895,25,2021,7622,0.54
2282.061368506052,33,2021,7622,0.14
50224.98174080523,3,2022,7622,2.99
1267273.9088801588,4,2022,7622,75.49
3434.93881598947,12,2022,7622,0.2
345549.72646318504,21,2022,7622,20.58
9056.046705864344,25,2022,7622,0.54
3222.5942777081204,33,2022,7622,0.19
50077.62959782075,3,2023,7622,2.98
1257266.9231712767,4,2023,7622,74.89
2462.7722096117413,12,2023,7622,0.15
357231.7576911563,21,2023,7622,21.28
9106.233957286722,25,2023,7622,0.54
2616.8802565661617,33,2023,7622,0.16
397653.49442522886,3,2016,746,22.04
1279663.609846115,4,2016,746,70.91
11.56587161274031,12,2016,746,0.0
110771.8653424868,21,2016,746,6.14
12858.219272882245,25,2016,746,0.71
3582.9949441833887,33,2016,746,0.2
393386.2405008448,3,2017,746,21.8
1278579.970356363,4,2017,746,70.85
11.654085150337965,12,2017,746,0.0
116388.68462646849,21,2017,746,6.45
13145.43878953389,25,2017,746,0.73
3029.761344158964,33,2017,746,0.17
392519.2830594072,3,2018,746,21.75
1279972.399680363,4,2018,746,70.93
21.714445117378983,12,2018,746,0.0
115549.8477231453,21,2018,746,6.4
13915.26501431322,25,2018,746,0.77
2563.2397801696807,33,2018,746,0.14
384886.9387239175,3,2019,746,21.33
1283536.3533245877,4,2019,746,71.13
26.049408919582,12,2019,746,0.0
119121.20519429492,21,2019,746,6.6
14466.144347549744,25,2019,746,0.8
2505.058703271489,33,2019,746,0.14
384682.26063283824,3,2020,746,21.32
1275456.8553854465,4,2020,746,70.68
31.485575154191576,12,2020,746,0.0
126981.54640128605,21,2020,746,7.04
14571.391838410766,25,2020,746,0.81
2818.2098694030938,33,2020,746,0.16
382528.3503817178,3,2021,746,21.2
1263888.6750815888,4,2021,746,70.04
51.805086950635726,12,2021,746,0.0
140836.12518981734,21,2021,746,7.8
14381.37133375721,25,2021,746,0.8
2855.4226287170586,33,2021,746,0.16
382790.0174838202,3,2022,746,21.21
1247736.9707703996,4,2022,746,69.14
46.87121176030179,12,2022,746,0.0
156456.12941291774,21,2022,746,8.67
13820.779256610049,25,2022,746,0.77
3690.981567028856,33,2022,746,0.2
381707.76745111705,3,2023,746,21.15
1240597.2977300764,4,2023,746,68.75
29.351761137599592,12,2023,746,0.0
165731.6582757261,21,2023,746,9.18
13023.946822465754,25,2023,746,0.72
3451.727662011736,33,2023,746,0.19
73284.52612794747,3,2016,7691,8.8
410347.98468933895,4,2016,7691,49.26
0.2451105853869867,12,2016,7691,0.0
329009.51298674574,21,2016,7691,39.49
5320.143866336925,25,2016,7691,0.64
15109.48559042602,33,2016,7691,1.81
73694.71948089307,3,2017,7691,8.85
407758.175356806,4,2017,7691,48.95
0.2451105853869867,12,2017,7691,0.0
331708.4258380738,21,2017,7691,39.82
5419.418909033166,25,2017,7691,0.65
14490.913676005088,33,2017,7691,1.74
73495.41722724766,3,2018,7691,8.82
409139.7434558692,4,2018,7691,49.11
0.257273232158586,12,2018,7691,0.0
330011.43123549403,21,2018,7691,39.61
5729.3821637828105,25,2018,7691,0.69
14695.667015759089,33,2018,7691,1.76
73204.26329253518,3,2019,7691,8.79
407463.614865409,4,2019,7691,48.91
0.257273232158586,12,2019,7691,0.0
332071.8780986897,21,2019,7691,39.86
5870.65503843671,25,2019,7691,0.7
14461.229803070197,33,2019,7691,1.74
72691.63908164007,3,2020,7691,8.73
406926.756941754,4,2020,7691,48.85
0.2451105853869867,12,2020,7691,0.0
331755.39924028615,21,2020,7691,39.82
6064.196924873852,25,2020,7691,0.73
15633.661072237928,33,2020,7691,1.88
72473.57186054708,3,2021,7691,8.7
406832.5498580315,4,2021,7691,48.84
0.3132478389964384,12,2021,7691,0.0
332016.3591300097,21,2021,7691,39.85
6170.492036006182,25,2021,7691,0.74
15578.612238927066,33,2021,7691,1.87
69504.16651764202,3,2022,7691,8.34
400187.2706061584,4,2022,7691,48.04
0.2086759153837315,12,2022,7691,0.0
337124.58477274794,21,2022,7691,40.47
6149.492034350284,25,2022,7691,0.74
20106.175764538908,33,2022,7691,2.41
69441.6919162982,3,2023,7691,8.34
402433.367942742,4,2023,7691,48.31
0.43549609375,12,2023,7691,0.0
337380.35445418395,21,2023,7691,40.5
6502.319007918638,25,2023,7691,0.78
17313.72955412167,33,2023,7691,2.08
