system:index,area,classe,year,.geo
1_1_1_1_1_1_1_1_1_1_1_1_1_1_1_1_1_1_1_1_1_1_1_1_1_1_1_1_1_1_1_1_1_1_1_1_1_1_2_0,621786.1582343779,3,1985,"{""type"":""Point"",""coordinates"":[0.0,0.0]}"
1_1_1_1_1_1_1_1_1_1_1_1_1_1_1_1_1_1_1_1_1_1_1_1_1_1_1_1_1_1_1_1_1_1_1_1_1_1_2_1,2125871.7958565527,4,1985,"{""type"":""Point"",""coordinates"":[0.0,0.0]}"
1_1_1_1_1_1_1_1_1_1_1_1_1_1_1_1_1_1_1_1_1_1_1_1_1_1_1_1_1_1_1_1_1_1_1_1_1_1_2_2,55852.20096159197,12,1985,"{""type"":""Point"",""coordinates"":[0.0,0.0]}"
1_1_1_1_1_1_1_1_1_1_1_1_1_1_1_1_1_1_1_1_1_1_1_1_1_1_1_1_1_1_1_1_1_1_1_1_1_1_2_3,191458.95749321496,21,1985,"{""type"":""Point"",""coordinates"":[0.0,0.0]}"
1_1_1_1_1_1_1_1_1_1_1_1_1_1_1_1_1_1_1_1_1_1_1_1_1_1_1_1_1_1_1_1_1_1_1_1_1_1_2_4,27190.554350239367,22,1985,"{""type"":""Point"",""coordinates"":[0.0,0.0]}"
1_1_1_1_1_1_1_1_1_1_1_1_1_1_1_1_1_1_1_1_1_1_1_1_1_1_1_1_1_1_1_1_1_1_1_1_1_1_2_5,0.17859682006835936,27,1985,"{""type"":""Point"",""coordinates"":[0.0,0.0]}"
1_1_1_1_1_1_1_1_1_1_1_1_1_1_1_1_1_1_1_1_1_1_1_1_1_1_1_1_1_1_1_1_1_1_1_1_1_1_2_6,392.3981966857906,29,1985,"{""type"":""Point"",""coordinates"":[0.0,0.0]}"
1_1_1_1_1_1_1_1_1_1_1_1_1_1_1_1_1_1_1_1_1_1_1_1_1_1_1_1_1_1_1_1_1_1_1_1_1_1_2_7,32788.65977449245,33,1985,"{""type"":""Point"",""coordinates"":[0.0,0.0]}"
1_1_1_1_1_1_1_1_1_1_1_1_1_1_1_1_1_1_1_1_1_1_1_1_1_1_1_1_1_1_1_1_1_1_1_1_1_2_0,621692.1793274806,3,1986,"{""type"":""Point"",""coordinates"":[0.0,0.0]}"
1_1_1_1_1_1_1_1_1_1_1_1_1_1_1_1_1_1_1_1_1_1_1_1_1_1_1_1_1_1_1_1_1_1_1_1_1_2_1,2115091.400074407,4,1986,"{""type"":""Point"",""coordinates"":[0.0,0.0]}"
1_1_1_1_1_1_1_1_1_1_1_1_1_1_1_1_1_1_1_1_1_1_1_1_1_1_1_1_1_1_1_1_1_1_1_1_1_2_2,53122.63585887515,12,1986,"{""type"":""Point"",""coordinates"":[0.0,0.0]}"
1_1_1_1_1_1_1_1_1_1_1_1_1_1_1_1_1_1_1_1_1_1_1_1_1_1_1_1_1_1_1_1_1_1_1_1_1_2_3,205921.54086601804,21,1986,"{""type"":""Point"",""coordinates"":[0.0,0.0]}"
1_1_1_1_1_1_1_1_1_1_1_1_1_1_1_1_1_1_1_1_1_1_1_1_1_1_1_1_1_1_1_1_1_1_1_1_1_2_4,26336.020714452487,22,1986,"{""type"":""Point"",""coordinates"":[0.0,0.0]}"
1_1_1_1_1_1_1_1_1_1_1_1_1_1_1_1_1_1_1_1_1_1_1_1_1_1_1_1_1_1_1_1_1_1_1_1_1_2_5,392.2200796997066,29,1986,"{""type"":""Point"",""coordinates"":[0.0,0.0]}"
1_1_1_1_1_1_1_1_1_1_1_1_1_1_1_1_1_1_1_1_1_1_1_1_1_1_1_1_1_1_1_1_1_1_1_1_1_2_6,32784.906543034194,33,1986,"{""type"":""Point"",""coordinates"":[0.0,0.0]}"
1_1_1_1_1_1_1_1_1_1_1_1_1_1_1_1_1_1_1_1_1_1_1_1_1_1_1_1_1_1_1_1_1_1_1_1_2_0,617646.9732653808,3,1987,"{""type"":""Point"",""coordinates"":[0.0,0.0]}"
1_1_1_1_1_1_1_1_1_1_1_1_1_1_1_1_1_1_1_1_1_1_1_1_1_1_1_1_1_1_1_1_1_1_1_1_2_1,2112234.9128588643,4,1987,"{""type"":""Point"",""coordinates"":[0.0,0.0]}"
1_1_1_1_1_1_1_1_1_1_1_1_1_1_1_1_1_1_1_1_1_1_1_1_1_1_1_1_1_1_1_1_1_1_1_1_2_2,52178.29881245,12,1987,"{""type"":""Point"",""coordinates"":[0.0,0.0]}"
1_1_1_1_1_1_1_1_1_1_1_1_1_1_1_1_1_1_1_1_1_1_1_1_1_1_1_1_1_1_1_1_1_1_1_1_2_3,216511.4361004624,21,1987,"{""type"":""Point"",""coordinates"":[0.0,0.0]}"
1_1_1_1_1_1_1_1_1_1_1_1_1_1_1_1_1_1_1_1_1_1_1_1_1_1_1_1_1_1_1_1_1_1_1_1_2_4,25482.76218566275,22,1987,"{""type"":""Point"",""coordinates"":[0.0,0.0]}"
1_1_1_1_1_1_1_1_1_1_1_1_1_1_1_1_1_1_1_1_1_1_1_1_1_1_1_1_1_1_1_1_1_1_1_1_2_5,392.6654525939938,29,1987,"{""type"":""Point"",""coordinates"":[0.0,0.0]}"
1_1_1_1_1_1_1_1_1_1_1_1_1_1_1_1_1_1_1_1_1_1_1_1_1_1_1_1_1_1_1_1_1_1_1_1_2_6,30893.854788555032,33,1987,"{""type"":""Point"",""coordinates"":[0.0,0.0]}"
1_1_1_1_1_1_1_1_1_1_1_1_1_1_1_1_1_1_1_1_1_1_1_1_1_1_1_1_1_1_1_1_1_1_1_2_0,614584.2500389186,3,1988,"{""type"":""Point"",""coordinates"":[0.0,0.0]}"
1_1_1_1_1_1_1_1_1_1_1_1_1_1_1_1_1_1_1_1_1_1_1_1_1_1_1_1_1_1_1_1_1_1_1_2_1,2115652.937662878,4,1988,"{""type"":""Point"",""coordinates"":[0.0,0.0]}"
1_1_1_1_1_1_1_1_1_1_1_1_1_1_1_1_1_1_1_1_1_1_1_1_1_1_1_1_1_1_1_1_1_1_1_2_2,52185.21508463521,12,1988,"{""type"":""Point"",""coordinates"":[0.0,0.0]}"
1_1_1_1_1_1_1_1_1_1_1_1_1_1_1_1_1_1_1_1_1_1_1_1_1_1_1_1_1_1_1_1_1_1_1_2_3,217260.50078167435,21,1988,"{""type"":""Point"",""coordinates"":[0.0,0.0]}"
1_1_1_1_1_1_1_1_1_1_1_1_1_1_1_1_1_1_1_1_1_1_1_1_1_1_1_1_1_1_1_1_1_1_1_2_4,25409.598534151744,22,1988,"{""type"":""Point"",""coordinates"":[0.0,0.0]}"
1_1_1_1_1_1_1_1_1_1_1_1_1_1_1_1_1_1_1_1_1_1_1_1_1_1_1_1_1_1_1_1_1_1_1_2_5,392.6654549926754,29,1988,"{""type"":""Point"",""coordinates"":[0.0,0.0]}"
1_1_1_1_1_1_1_1_1_1_1_1_1_1_1_1_1_1_1_1_1_1_1_1_1_1_1_1_1_1_1_1_1_1_1_2_6,29855.735906719667,33,1988,"{""type"":""Point"",""coordinates"":[0.0,0.0]}"
1_1_1_1_1_1_1_1_1_1_1_1_1_1_1_1_1_1_1_1_1_1_1_1_1_1_1_1_1_1_1_1_1_1_2_0,611455.846986258,3,1989,"{""type"":""Point"",""coordinates"":[0.0,0.0]}"
1_1_1_1_1_1_1_1_1_1_1_1_1_1_1_1_1_1_1_1_1_1_1_1_1_1_1_1_1_1_1_1_1_1_2_1,2116288.64986887,4,1989,"{""type"":""Point"",""coordinates"":[0.0,0.0]}"
1_1_1_1_1_1_1_1_1_1_1_1_1_1_1_1_1_1_1_1_1_1_1_1_1_1_1_1_1_1_1_1_1_1_2_2,52420.98885648677,12,1989,"{""type"":""Point"",""coordinates"":[0.0,0.0]}"
1_1_1_1_1_1_1_1_1_1_1_1_1_1_1_1_1_1_1_1_1_1_1_1_1_1_1_1_1_1_1_1_1_1_2_3,220774.3546154933,21,1989,"{""type"":""Point"",""coordinates"":[0.0,0.0]}"
1_1_1_1_1_1_1_1_1_1_1_1_1_1_1_1_1_1_1_1_1_1_1_1_1_1_1_1_1_1_1_1_1_1_2_4,24779.396500653922,22,1989,"{""type"":""Point"",""coordinates"":[0.0,0.0]}"
1_1_1_1_1_1_1_1_1_1_1_1_1_1_1_1_1_1_1_1_1_1_1_1_1_1_1_1_1_1_1_1_1_1_2_5,392.8435595825191,29,1989,"{""type"":""Point"",""coordinates"":[0.0,0.0]}"
1_1_1_1_1_1_1_1_1_1_1_1_1_1_1_1_1_1_1_1_1_1_1_1_1_1_1_1_1_1_1_1_1_1_2_6,29228.823076638248,33,1989,"{""type"":""Point"",""coordinates"":[0.0,0.0]}"
1_1_1_1_1_1_1_1_1_1_1_1_1_1_1_1_1_1_1_1_1_1_1_1_1_1_1_1_1_1_1_1_1_2_0,614933.9818350252,3,1990,"{""type"":""Point"",""coordinates"":[0.0,0.0]}"
1_1_1_1_1_1_1_1_1_1_1_1_1_1_1_1_1_1_1_1_1_1_1_1_1_1_1_1_1_1_1_1_1_2_1,2106042.736704594,4,1990,"{""type"":""Point"",""coordinates"":[0.0,0.0]}"
1_1_1_1_1_1_1_1_1_1_1_1_1_1_1_1_1_1_1_1_1_1_1_1_1_1_1_1_1_1_1_1_1_2_2,51592.147665359094,12,1990,"{""type"":""Point"",""coordinates"":[0.0,0.0]}"
1_1_1_1_1_1_1_1_1_1_1_1_1_1_1_1_1_1_1_1_1_1_1_1_1_1_1_1_1_1_1_1_1_2_3,229259.11479050934,21,1990,"{""type"":""Point"",""coordinates"":[0.0,0.0]}"
1_1_1_1_1_1_1_1_1_1_1_1_1_1_1_1_1_1_1_1_1_1_1_1_1_1_1_1_1_1_1_1_1_2_4,24033.798402503624,22,1990,"{""type"":""Point"",""coordinates"":[0.0,0.0]}"
1_1_1_1_1_1_1_1_1_1_1_1_1_1_1_1_1_1_1_1_1_1_1_1_1_1_1_1_1_1_1_1_1_2_5,392.84356307983353,29,1990,"{""type"":""Point"",""coordinates"":[0.0,0.0]}"
1_1_1_1_1_1_1_1_1_1_1_1_1_1_1_1_1_1_1_1_1_1_1_1_1_1_1_1_1_1_1_1_1_2_6,29086.280502916223,33,1990,"{""type"":""Point"",""coordinates"":[0.0,0.0]}"
1_1_1_1_1_1_1_1_1_1_1_1_1_1_1_1_1_1_1_1_1_1_1_1_1_1_1_1_1_1_1_1_2_0,616497.5859821731,3,1991,"{""type"":""Point"",""coordinates"":[0.0,0.0]}"
1_1_1_1_1_1_1_1_1_1_1_1_1_1_1_1_1_1_1_1_1_1_1_1_1_1_1_1_1_1_1_1_2_1,2100613.523710214,4,1991,"{""type"":""Point"",""coordinates"":[0.0,0.0]}"
1_1_1_1_1_1_1_1_1_1_1_1_1_1_1_1_1_1_1_1_1_1_1_1_1_1_1_1_1_1_1_1_2_2,50867.52530800588,12,1991,"{""type"":""Point"",""coordinates"":[0.0,0.0]}"
1_1_1_1_1_1_1_1_1_1_1_1_1_1_1_1_1_1_1_1_1_1_1_1_1_1_1_1_1_1_1_1_2_3,234069.06443901898,21,1991,"{""type"":""Point"",""coordinates"":[0.0,0.0]}"
1_1_1_1_1_1_1_1_1_1_1_1_1_1_1_1_1_1_1_1_1_1_1_1_1_1_1_1_1_1_1_1_2_4,23870.711926068365,22,1991,"{""type"":""Point"",""coordinates"":[0.0,0.0]}"
1_1_1_1_1_1_1_1_1_1_1_1_1_1_1_1_1_1_1_1_1_1_1_1_1_1_1_1_1_1_1_1_2_5,392.8435630798336,29,1991,"{""type"":""Point"",""coordinates"":[0.0,0.0]}"
1_1_1_1_1_1_1_1_1_1_1_1_1_1_1_1_1_1_1_1_1_1_1_1_1_1_1_1_1_1_1_1_2_6,29029.64853541174,33,1991,"{""type"":""Point"",""coordinates"":[0.0,0.0]}"
1_1_1_1_1_1_1_1_1_1_1_1_1_1_1_1_1_1_1_1_1_1_1_1_1_1_1_1_1_1_1_2_0,616202.540084063,3,1992,"{""type"":""Point"",""coordinates"":[0.0,0.0]}"
1_1_1_1_1_1_1_1_1_1_1_1_1_1_1_1_1_1_1_1_1_1_1_1_1_1_1_1_1_1_1_2_1,2098320.289846428,4,1992,"{""type"":""Point"",""coordinates"":[0.0,0.0]}"
1_1_1_1_1_1_1_1_1_1_1_1_1_1_1_1_1_1_1_1_1_1_1_1_1_1_1_1_1_1_1_2_2,52637.537715588165,12,1992,"{""type"":""Point"",""coordinates"":[0.0,0.0]}"
1_1_1_1_1_1_1_1_1_1_1_1_1_1_1_1_1_1_1_1_1_1_1_1_1_1_1_1_1_1_1_2_3,237365.24409156822,21,1992,"{""type"":""Point"",""coordinates"":[0.0,0.0]}"
1_1_1_1_1_1_1_1_1_1_1_1_1_1_1_1_1_1_1_1_1_1_1_1_1_1_1_1_1_1_1_2_4,23770.79860862916,22,1992,"{""type"":""Point"",""coordinates"":[0.0,0.0]}"
1_1_1_1_1_1_1_1_1_1_1_1_1_1_1_1_1_1_1_1_1_1_1_1_1_1_1_1_1_1_1_2_5,392.3981991699214,29,1992,"{""type"":""Point"",""coordinates"":[0.0,0.0]}"
1_1_1_1_1_1_1_1_1_1_1_1_1_1_1_1_1_1_1_1_1_1_1_1_1_1_1_1_1_1_1_2_6,26652.094918501876,33,1992,"{""type"":""Point"",""coordinates"":[0.0,0.0]}"
1_1_1_1_1_1_1_1_1_1_1_1_1_1_1_1_1_1_1_1_1_1_1_1_1_1_1_1_1_1_2_0,620246.5914318408,3,1993,"{""type"":""Point"",""coordinates"":[0.0,0.0]}"
1_1_1_1_1_1_1_1_1_1_1_1_1_1_1_1_1_1_1_1_1_1_1_1_1_1_1_1_1_1_2_1,2089109.3955431418,4,1993,"{""type"":""Point"",""coordinates"":[0.0,0.0]}"
1_1_1_1_1_1_1_1_1_1_1_1_1_1_1_1_1_1_1_1_1_1_1_1_1_1_1_1_1_1_2_2,52833.62910047922,12,1993,"{""type"":""Point"",""coordinates"":[0.0,0.0]}"
1_1_1_1_1_1_1_1_1_1_1_1_1_1_1_1_1_1_1_1_1_1_1_1_1_1_1_1_1_1_2_3,241582.5493942097,21,1993,"{""type"":""Point"",""coordinates"":[0.0,0.0]}"
1_1_1_1_1_1_1_1_1_1_1_1_1_1_1_1_1_1_1_1_1_1_1_1_1_1_1_1_1_1_2_4,24352.111883819216,22,1993,"{""type"":""Point"",""coordinates"":[0.0,0.0]}"
1_1_1_1_1_1_1_1_1_1_1_1_1_1_1_1_1_1_1_1_1_1_1_1_1_1_1_1_1_1_2_5,392.30922918701117,29,1993,"{""type"":""Point"",""coordinates"":[0.0,0.0]}"
1_1_1_1_1_1_1_1_1_1_1_1_1_1_1_1_1_1_1_1_1_1_1_1_1_1_1_1_1_1_2_6,26824.316881254468,33,1993,"{""type"":""Point"",""coordinates"":[0.0,0.0]}"
1_1_1_1_1_1_1_1_1_1_1_1_1_1_1_1_1_1_1_1_1_1_1_1_1_1_1_1_1_2_0,630347.6785340209,3,1994,"{""type"":""Point"",""coordinates"":[0.0,0.0]}"
1_1_1_1_1_1_1_1_1_1_1_1_1_1_1_1_1_1_1_1_1_1_1_1_1_1_1_1_1_2_1,2078988.8894908256,4,1994,"{""type"":""Point"",""coordinates"":[0.0,0.0]}"
1_1_1_1_1_1_1_1_1_1_1_1_1_1_1_1_1_1_1_1_1_1_1_1_1_1_1_1_1_2_2,51218.551115198665,12,1994,"{""type"":""Point"",""coordinates"":[0.0,0.0]}"
1_1_1_1_1_1_1_1_1_1_1_1_1_1_1_1_1_1_1_1_1_1_1_1_1_1_1_1_1_2_3,240016.12171688222,21,1994,"{""type"":""Point"",""coordinates"":[0.0,0.0]}"
1_1_1_1_1_1_1_1_1_1_1_1_1_1_1_1_1_1_1_1_1_1_1_1_1_1_1_1_1_2_4,24451.338251583205,22,1994,"{""type"":""Point"",""coordinates"":[0.0,0.0]}"
1_1_1_1_1_1_1_1_1_1_1_1_1_1_1_1_1_1_1_1_1_1_1_1_1_1_1_1_1_2_5,392.39830861205996,29,1994,"{""type"":""Point"",""coordinates"":[0.0,0.0]}"
1_1_1_1_1_1_1_1_1_1_1_1_1_1_1_1_1_1_1_1_1_1_1_1_1_1_1_1_1_2_6,29925.926046827106,33,1994,"{""type"":""Point"",""coordinates"":[0.0,0.0]}"
1_1_1_1_1_1_1_1_1_1_1_1_1_1_1_1_1_1_1_1_1_1_1_1_1_1_1_1_2_0,631561.7221373393,3,1995,"{""type"":""Point"",""coordinates"":[0.0,0.0]}"
1_1_1_1_1_1_1_1_1_1_1_1_1_1_1_1_1_1_1_1_1_1_1_1_1_1_1_1_2_1,2076958.955437473,4,1995,"{""type"":""Point"",""coordinates"":[0.0,0.0]}"
1_1_1_1_1_1_1_1_1_1_1_1_1_1_1_1_1_1_1_1_1_1_1_1_1_1_1_1_2_2,53547.02896520407,12,1995,"{""type"":""Point"",""coordinates"":[0.0,0.0]}"
1_1_1_1_1_1_1_1_1_1_1_1_1_1_1_1_1_1_1_1_1_1_1_1_1_1_1_1_2_3,238291.70518097718,21,1995,"{""type"":""Point"",""coordinates"":[0.0,0.0]}"
1_1_1_1_1_1_1_1_1_1_1_1_1_1_1_1_1_1_1_1_1_1_1_1_1_1_1_1_2_4,25523.467555865573,22,1995,"{""type"":""Point"",""coordinates"":[0.0,0.0]}"
1_1_1_1_1_1_1_1_1_1_1_1_1_1_1_1_1_1_1_1_1_1_1_1_1_1_1_1_2_5,392.3091490966792,29,1995,"{""type"":""Point"",""coordinates"":[0.0,0.0]}"
1_1_1_1_1_1_1_1_1_1_1_1_1_1_1_1_1_1_1_1_1_1_1_1_1_1_1_1_2_6,29065.71503800581,33,1995,"{""type"":""Point"",""coordinates"":[0.0,0.0]}"
1_1_1_1_1_1_1_1_1_1_1_1_1_1_1_1_1_1_1_1_1_1_1_1_1_1_1_2_0,633714.8831818359,3,1996,"{""type"":""Point"",""coordinates"":[0.0,0.0]}"
1_1_1_1_1_1_1_1_1_1_1_1_1_1_1_1_1_1_1_1_1_1_1_1_1_1_1_2_1,2072133.3920085868,4,1996,"{""type"":""Point"",""coordinates"":[0.0,0.0]}"
1_1_1_1_1_1_1_1_1_1_1_1_1_1_1_1_1_1_1_1_1_1_1_1_1_1_1_2_2,53480.78175847448,12,1996,"{""type"":""Point"",""coordinates"":[0.0,0.0]}"
1_1_1_1_1_1_1_1_1_1_1_1_1_1_1_1_1_1_1_1_1_1_1_1_1_1_1_2_3,241483.19068833019,21,1996,"{""type"":""Point"",""coordinates"":[0.0,0.0]}"
1_1_1_1_1_1_1_1_1_1_1_1_1_1_1_1_1_1_1_1_1_1_1_1_1_1_1_2_4,24854.32016805337,22,1996,"{""type"":""Point"",""coordinates"":[0.0,0.0]}"
1_1_1_1_1_1_1_1_1_1_1_1_1_1_1_1_1_1_1_1_1_1_1_1_1_1_1_2_5,392.3982211486812,29,1996,"{""type"":""Point"",""coordinates"":[0.0,0.0]}"
1_1_1_1_1_1_1_1_1_1_1_1_1_1_1_1_1_1_1_1_1_1_1_1_1_1_1_2_6,29281.937437551525,33,1996,"{""type"":""Point"",""coordinates"":[0.0,0.0]}"
1_1_1_1_1_1_1_1_1_1_1_1_1_1_1_1_1_1_1_1_1_1_1_1_1_1_2_0,636996.7272404607,3,1997,"{""type"":""Point"",""coordinates"":[0.0,0.0]}"
1_1_1_1_1_1_1_1_1_1_1_1_1_1_1_1_1_1_1_1_1_1_1_1_1_1_2_1,2062018.3534303936,4,1997,"{""type"":""Point"",""coordinates"":[0.0,0.0]}"
1_1_1_1_1_1_1_1_1_1_1_1_1_1_1_1_1_1_1_1_1_1_1_1_1_1_2_2,52055.83485542415,12,1997,"{""type"":""Point"",""coordinates"":[0.0,0.0]}"
1_1_1_1_1_1_1_1_1_1_1_1_1_1_1_1_1_1_1_1_1_1_1_1_1_1_2_3,250085.78903485512,21,1997,"{""type"":""Point"",""coordinates"":[0.0,0.0]}"
1_1_1_1_1_1_1_1_1_1_1_1_1_1_1_1_1_1_1_1_1_1_1_1_1_1_2_4,24100.812292748502,22,1997,"{""type"":""Point"",""coordinates"":[0.0,0.0]}"
1_1_1_1_1_1_1_1_1_1_1_1_1_1_1_1_1_1_1_1_1_1_1_1_1_1_2_5,392.48740441284133,29,1997,"{""type"":""Point"",""coordinates"":[0.0,0.0]}"
1_1_1_1_1_1_1_1_1_1_1_1_1_1_1_1_1_1_1_1_1_1_1_1_1_1_2_6,29690.899205673122,33,1997,"{""type"":""Point"",""coordinates"":[0.0,0.0]}"
1_1_1_1_1_1_1_1_1_1_1_1_1_1_1_1_1_1_1_1_1_1_1_1_1_2_0,643987.611251174,3,1998,"{""type"":""Point"",""coordinates"":[0.0,0.0]}"
1_1_1_1_1_1_1_1_1_1_1_1_1_1_1_1_1_1_1_1_1_1_1_1_1_2_1,2050322.3899697186,4,1998,"{""type"":""Point"",""coordinates"":[0.0,0.0]}"
1_1_1_1_1_1_1_1_1_1_1_1_1_1_1_1_1_1_1_1_1_1_1_1_1_2_2,52106.10593882361,12,1998,"{""type"":""Point"",""coordinates"":[0.0,0.0]}"
1_1_1_1_1_1_1_1_1_1_1_1_1_1_1_1_1_1_1_1_1_1_1_1_1_2_3,254717.0062022273,21,1998,"{""type"":""Point"",""coordinates"":[0.0,0.0]}"
1_1_1_1_1_1_1_1_1_1_1_1_1_1_1_1_1_1_1_1_1_1_1_1_1_2_4,25121.68091314602,22,1998,"{""type"":""Point"",""coordinates"":[0.0,0.0]}"
1_1_1_1_1_1_1_1_1_1_1_1_1_1_1_1_1_1_1_1_1_1_1_1_1_2_5,392.93286911621055,29,1998,"{""type"":""Point"",""coordinates"":[0.0,0.0]}"
1_1_1_1_1_1_1_1_1_1_1_1_1_1_1_1_1_1_1_1_1_1_1_1_1_2_6,28693.176319828464,33,1998,"{""type"":""Point"",""coordinates"":[0.0,0.0]}"
1_1_1_1_1_1_1_1_1_1_1_1_1_1_1_1_1_1_1_1_1_1_1_1_2_0,642690.7633492645,3,1999,"{""type"":""Point"",""coordinates"":[0.0,0.0]}"
1_1_1_1_1_1_1_1_1_1_1_1_1_1_1_1_1_1_1_1_1_1_1_1_2_1,2044127.6284003798,4,1999,"{""type"":""Point"",""coordinates"":[0.0,0.0]}"
1_1_1_1_1_1_1_1_1_1_1_1_1_1_1_1_1_1_1_1_1_1_1_1_2_2,50705.87244102301,12,1999,"{""type"":""Point"",""coordinates"":[0.0,0.0]}"
1_1_1_1_1_1_1_1_1_1_1_1_1_1_1_1_1_1_1_1_1_1_1_1_2_3,261946.90504025787,21,1999,"{""type"":""Point"",""coordinates"":[0.0,0.0]}"
1_1_1_1_1_1_1_1_1_1_1_1_1_1_1_1_1_1_1_1_1_1_1_1_2_4,24831.80585057698,22,1999,"{""type"":""Point"",""coordinates"":[0.0,0.0]}"
1_1_1_1_1_1_1_1_1_1_1_1_1_1_1_1_1_1_1_1_1_1_1_1_2_5,393.0219473693844,29,1999,"{""type"":""Point"",""coordinates"":[0.0,0.0]}"
1_1_1_1_1_1_1_1_1_1_1_1_1_1_1_1_1_1_1_1_1_1_1_1_2_6,30644.906435227265,33,1999,"{""type"":""Point"",""coordinates"":[0.0,0.0]}"
1_1_1_1_1_1_1_1_1_1_1_1_1_1_1_1_1_1_1_1_1_1_1_2_0,644441.9697644738,3,2000,"{""type"":""Point"",""coordinates"":[0.0,0.0]}"
1_1_1_1_1_1_1_1_1_1_1_1_1_1_1_1_1_1_1_1_1_1_1_2_1,2040271.457746198,4,2000,"{""type"":""Point"",""coordinates"":[0.0,0.0]}"
1_1_1_1_1_1_1_1_1_1_1_1_1_1_1_1_1_1_1_1_1_1_1_2_2,53056.606284363086,12,2000,"{""type"":""Point"",""coordinates"":[0.0,0.0]}"
1_1_1_1_1_1_1_1_1_1_1_1_1_1_1_1_1_1_1_1_1_1_1_2_3,264523.8530973643,21,2000,"{""type"":""Point"",""coordinates"":[0.0,0.0]}"
1_1_1_1_1_1_1_1_1_1_1_1_1_1_1_1_1_1_1_1_1_1_1_2_4,24807.20513572492,22,2000,"{""type"":""Point"",""coordinates"":[0.0,0.0]}"
1_1_1_1_1_1_1_1_1_1_1_1_1_1_1_1_1_1_1_1_1_1_1_2_5,393.1110195312496,29,2000,"{""type"":""Point"",""coordinates"":[0.0,0.0]}"
1_1_1_1_1_1_1_1_1_1_1_1_1_1_1_1_1_1_1_1_1_1_1_2_6,27846.700416431675,33,2000,"{""type"":""Point"",""coordinates"":[0.0,0.0]}"
1_1_1_1_1_1_1_1_1_1_1_1_1_1_1_1_1_1_1_1_1_1_2_0,648852.1013096414,3,2001,"{""type"":""Point"",""coordinates"":[0.0,0.0]}"
1_1_1_1_1_1_1_1_1_1_1_1_1_1_1_1_1_1_1_1_1_1_2_1,2033069.6442912328,4,2001,"{""type"":""Point"",""coordinates"":[0.0,0.0]}"
1_1_1_1_1_1_1_1_1_1_1_1_1_1_1_1_1_1_1_1_1_1_2_2,53634.82101533224,12,2001,"{""type"":""Point"",""coordinates"":[0.0,0.0]}"
1_1_1_1_1_1_1_1_1_1_1_1_1_1_1_1_1_1_1_1_1_1_2_3,267421.95582859596,21,2001,"{""type"":""Point"",""coordinates"":[0.0,0.0]}"
1_1_1_1_1_1_1_1_1_1_1_1_1_1_1_1_1_1_1_1_1_1_2_4,24564.433816300312,22,2001,"{""type"":""Point"",""coordinates"":[0.0,0.0]}"
1_1_1_1_1_1_1_1_1_1_1_1_1_1_1_1_1_1_1_1_1_1_2_5,392.8437879333492,29,2001,"{""type"":""Point"",""coordinates"":[0.0,0.0]}"
1_1_1_1_1_1_1_1_1_1_1_1_1_1_1_1_1_1_1_1_1_1_2_6,27405.103415066264,33,2001,"{""type"":""Point"",""coordinates"":[0.0,0.0]}"
1_1_1_1_1_1_1_1_1_1_1_1_1_1_1_1_1_1_1_1_1_2_0,650606.3675279445,3,2002,"{""type"":""Point"",""coordinates"":[0.0,0.0]}"
1_1_1_1_1_1_1_1_1_1_1_1_1_1_1_1_1_1_1_1_1_2_1,2027626.3731663194,4,2002,"{""type"":""Point"",""coordinates"":[0.0,0.0]}"
1_1_1_1_1_1_1_1_1_1_1_1_1_1_1_1_1_1_1_1_1_2_2,53826.28160616523,12,2002,"{""type"":""Point"",""coordinates"":[0.0,0.0]}"
1_1_1_1_1_1_1_1_1_1_1_1_1_1_1_1_1_1_1_1_1_2_3,271130.9663266199,21,2002,"{""type"":""Point"",""coordinates"":[0.0,0.0]}"
1_1_1_1_1_1_1_1_1_1_1_1_1_1_1_1_1_1_1_1_1_2_4,24066.26386908859,22,2002,"{""type"":""Point"",""coordinates"":[0.0,0.0]}"
1_1_1_1_1_1_1_1_1_1_1_1_1_1_1_1_1_1_1_1_1_2_5,392.8437717407222,29,2002,"{""type"":""Point"",""coordinates"":[0.0,0.0]}"
1_1_1_1_1_1_1_1_1_1_1_1_1_1_1_1_1_1_1_1_1_2_6,27691.80719621363,33,2002,"{""type"":""Point"",""coordinates"":[0.0,0.0]}"
1_1_1_1_1_1_1_1_1_1_1_1_1_1_1_1_1_1_1_1_2_0,652618.240721734,3,2003,"{""type"":""Point"",""coordinates"":[0.0,0.0]}"
1_1_1_1_1_1_1_1_1_1_1_1_1_1_1_1_1_1_1_1_2_1,2023926.3207555837,4,2003,"{""type"":""Point"",""coordinates"":[0.0,0.0]}"
1_1_1_1_1_1_1_1_1_1_1_1_1_1_1_1_1_1_1_1_2_2,53873.18257845907,12,2003,"{""type"":""Point"",""coordinates"":[0.0,0.0]}"
1_1_1_1_1_1_1_1_1_1_1_1_1_1_1_1_1_1_1_1_2_3,272777.4717945217,21,2003,"{""type"":""Point"",""coordinates"":[0.0,0.0]}"
1_1_1_1_1_1_1_1_1_1_1_1_1_1_1_1_1_1_1_1_2_4,24191.92049818421,22,2003,"{""type"":""Point"",""coordinates"":[0.0,0.0]}"
1_1_1_1_1_1_1_1_1_1_1_1_1_1_1_1_1_1_1_1_2_5,393.1109837829586,29,2003,"{""type"":""Point"",""coordinates"":[0.0,0.0]}"
1_1_1_1_1_1_1_1_1_1_1_1_1_1_1_1_1_1_1_1_2_6,27560.656131783624,33,2003,"{""type"":""Point"",""coordinates"":[0.0,0.0]}"
1_1_1_1_1_1_1_1_1_1_1_1_1_1_1_1_1_1_1_2_0,652240.0644653961,3,2004,"{""type"":""Point"",""coordinates"":[0.0,0.0]}"
1_1_1_1_1_1_1_1_1_1_1_1_1_1_1_1_1_1_1_2_1,2020869.9050158611,4,2004,"{""type"":""Point"",""coordinates"":[0.0,0.0]}"
1_1_1_1_1_1_1_1_1_1_1_1_1_1_1_1_1_1_1_2_2,52644.570197259876,12,2004,"{""type"":""Point"",""coordinates"":[0.0,0.0]}"
1_1_1_1_1_1_1_1_1_1_1_1_1_1_1_1_1_1_1_2_3,274668.1958623937,21,2004,"{""type"":""Point"",""coordinates"":[0.0,0.0]}"
1_1_1_1_1_1_1_1_1_1_1_1_1_1_1_1_1_1_1_2_4,24882.148597766347,22,2004,"{""type"":""Point"",""coordinates"":[0.0,0.0]}"
1_1_1_1_1_1_1_1_1_1_1_1_1_1_1_1_1_1_1_2_5,393.1110009460446,29,2004,"{""type"":""Point"",""coordinates"":[0.0,0.0]}"
1_1_1_1_1_1_1_1_1_1_1_1_1_1_1_1_1_1_1_2_6,29642.90832442737,33,2004,"{""type"":""Point"",""coordinates"":[0.0,0.0]}"
1_1_1_1_1_1_1_1_1_1_1_1_1_1_1_1_1_1_2_0,650666.7163352328,3,2005,"{""type"":""Point"",""coordinates"":[0.0,0.0]}"
1_1_1_1_1_1_1_1_1_1_1_1_1_1_1_1_1_1_2_1,2014345.4308727302,4,2005,"{""type"":""Point"",""coordinates"":[0.0,0.0]}"
1_1_1_1_1_1_1_1_1_1_1_1_1_1_1_1_1_1_2_2,54627.31273843112,12,2005,"{""type"":""Point"",""coordinates"":[0.0,0.0]}"
1_1_1_1_1_1_1_1_1_1_1_1_1_1_1_1_1_1_2_3,282334.7239516994,21,2005,"{""type"":""Point"",""coordinates"":[0.0,0.0]}"
1_1_1_1_1_1_1_1_1_1_1_1_1_1_1_1_1_1_2_4,25429.79505952525,22,2005,"{""type"":""Point"",""coordinates"":[0.0,0.0]}"
1_1_1_1_1_1_1_1_1_1_1_1_1_1_1_1_1_1_2_5,393.02192889404256,29,2005,"{""type"":""Point"",""coordinates"":[0.0,0.0]}"
1_1_1_1_1_1_1_1_1_1_1_1_1_1_1_1_1_1_2_6,27543.902577571727,33,2005,"{""type"":""Point"",""coordinates"":[0.0,0.0]}"
1_1_1_1_1_1_1_1_1_1_1_1_1_1_1_1_1_2_0,645167.5908572194,3,2006,"{""type"":""Point"",""coordinates"":[0.0,0.0]}"
1_1_1_1_1_1_1_1_1_1_1_1_1_1_1_1_1_2_1,2015805.558394849,4,2006,"{""type"":""Point"",""coordinates"":[0.0,0.0]}"
1_1_1_1_1_1_1_1_1_1_1_1_1_1_1_1_1_2_2,54882.94904062494,12,2006,"{""type"":""Point"",""coordinates"":[0.0,0.0]}"
1_1_1_1_1_1_1_1_1_1_1_1_1_1_1_1_1_2_3,286074.1685760864,21,2006,"{""type"":""Point"",""coordinates"":[0.0,0.0]}"
1_1_1_1_1_1_1_1_1_1_1_1_1_1_1_1_1_2_4,25603.87959731351,22,2006,"{""type"":""Point"",""coordinates"":[0.0,0.0]}"
1_1_1_1_1_1_1_1_1_1_1_1_1_1_1_1_1_2_5,393.02193491821254,29,2006,"{""type"":""Point"",""coordinates"":[0.0,0.0]}"
1_1_1_1_1_1_1_1_1_1_1_1_1_1_1_1_1_2_6,27413.735063063465,33,2006,"{""type"":""Point"",""coordinates"":[0.0,0.0]}"
1_1_1_1_1_1_1_1_1_1_1_1_1_1_1_1_2_0,643351.118952311,3,2007,"{""type"":""Point"",""coordinates"":[0.0,0.0]}"
1_1_1_1_1_1_1_1_1_1_1_1_1_1_1_1_2_1,2006436.1921485774,4,2007,"{""type"":""Point"",""coordinates"":[0.0,0.0]}"
1_1_1_1_1_1_1_1_1_1_1_1_1_1_1_1_2_2,54468.637787918335,12,2007,"{""type"":""Point"",""coordinates"":[0.0,0.0]}"
1_1_1_1_1_1_1_1_1_1_1_1_1_1_1_1_2_3,297223.57147793344,21,2007,"{""type"":""Point"",""coordinates"":[0.0,0.0]}"
1_1_1_1_1_1_1_1_1_1_1_1_1_1_1_1_2_4,25227.00923407286,22,2007,"{""type"":""Point"",""coordinates"":[0.0,0.0]}"
1_1_1_1_1_1_1_1_1_1_1_1_1_1_1_1_2_5,394.09082520751923,29,2007,"{""type"":""Point"",""coordinates"":[0.0,0.0]}"
1_1_1_1_1_1_1_1_1_1_1_1_1_1_1_1_2_6,28240.283038096775,33,2007,"{""type"":""Point"",""coordinates"":[0.0,0.0]}"
1_1_1_1_1_1_1_1_1_1_1_1_1_1_1_2_0,640025.1486546696,3,2008,"{""type"":""Point"",""coordinates"":[0.0,0.0]}"
1_1_1_1_1_1_1_1_1_1_1_1_1_1_1_2_1,1998391.4230879198,4,2008,"{""type"":""Point"",""coordinates"":[0.0,0.0]}"
1_1_1_1_1_1_1_1_1_1_1_1_1_1_1_2_2,54209.19538602508,12,2008,"{""type"":""Point"",""coordinates"":[0.0,0.0]}"
1_1_1_1_1_1_1_1_1_1_1_1_1_1_1_2_3,308258.40832018206,21,2008,"{""type"":""Point"",""coordinates"":[0.0,0.0]}"
1_1_1_1_1_1_1_1_1_1_1_1_1_1_1_2_4,25151.914333823293,22,2008,"{""type"":""Point"",""coordinates"":[0.0,0.0]}"
1_1_1_1_1_1_1_1_1_1_1_1_1_1_1_2_5,394.0017487182614,29,2008,"{""type"":""Point"",""coordinates"":[0.0,0.0]}"
1_1_1_1_1_1_1_1_1_1_1_1_1_1_1_2_6,28910.811932827874,33,2008,"{""type"":""Point"",""coordinates"":[0.0,0.0]}"
1_1_1_1_1_1_1_1_1_1_1_1_1_1_2_0,635375.6648173447,3,2009,"{""type"":""Point"",""coordinates"":[0.0,0.0]}"
1_1_1_1_1_1_1_1_1_1_1_1_1_1_2_1,1990017.3850797538,4,2009,"{""type"":""Point"",""coordinates"":[0.0,0.0]}"
1_1_1_1_1_1_1_1_1_1_1_1_1_1_2_2,54480.71687078364,12,2009,"{""type"":""Point"",""coordinates"":[0.0,0.0]}"
1_1_1_1_1_1_1_1_1_1_1_1_1_1_2_3,321003.8235847716,21,2009,"{""type"":""Point"",""coordinates"":[0.0,0.0]}"
1_1_1_1_1_1_1_1_1_1_1_1_1_1_2_4,25409.527724387197,22,2009,"{""type"":""Point"",""coordinates"":[0.0,0.0]}"
1_1_1_1_1_1_1_1_1_1_1_1_1_1_2_5,393.64545831909146,29,2009,"{""type"":""Point"",""coordinates"":[0.0,0.0]}"
1_1_1_1_1_1_1_1_1_1_1_1_1_1_2_6,28660.139928837918,33,2009,"{""type"":""Point"",""coordinates"":[0.0,0.0]}"
1_1_1_1_1_1_1_1_1_1_1_1_1_2_0,635890.080188019,3,2010,"{""type"":""Point"",""coordinates"":[0.0,0.0]}"
1_1_1_1_1_1_1_1_1_1_1_1_1_2_1,1977718.0603751629,4,2010,"{""type"":""Point"",""coordinates"":[0.0,0.0]}"
1_1_1_1_1_1_1_1_1_1_1_1_1_2_2,55432.7305402343,12,2010,"{""type"":""Point"",""coordinates"":[0.0,0.0]}"
1_1_1_1_1_1_1_1_1_1_1_1_1_2_3,333247.704850925,21,2010,"{""type"":""Point"",""coordinates"":[0.0,0.0]}"
1_1_1_1_1_1_1_1_1_1_1_1_1_2_4,25940.484717789404,22,2010,"{""type"":""Point"",""coordinates"":[0.0,0.0]}"
1_1_1_1_1_1_1_1_1_1_1_1_1_2_5,393.82357976684534,29,2010,"{""type"":""Point"",""coordinates"":[0.0,0.0]}"
1_1_1_1_1_1_1_1_1_1_1_1_1_2_6,26718.019212312793,33,2010,"{""type"":""Point"",""coordinates"":[0.0,0.0]}"
1_1_1_1_1_1_1_1_1_1_1_1_2_0,635727.7355434538,3,2011,"{""type"":""Point"",""coordinates"":[0.0,0.0]}"
1_1_1_1_1_1_1_1_1_1_1_1_2_1,1961916.1267376263,4,2011,"{""type"":""Point"",""coordinates"":[0.0,0.0]}"
1_1_1_1_1_1_1_1_1_1_1_1_2_2,55831.34026110185,12,2011,"{""type"":""Point"",""coordinates"":[0.0,0.0]}"
1_1_1_1_1_1_1_1_1_1_1_1_2_3,348745.68325774546,21,2011,"{""type"":""Point"",""coordinates"":[0.0,0.0]}"
1_1_1_1_1_1_1_1_1_1_1_1_2_4,26748.41589908293,22,2011,"{""type"":""Point"",""coordinates"":[0.0,0.0]}"
1_1_1_1_1_1_1_1_1_1_1_1_2_5,393.73453253784146,29,2011,"{""type"":""Point"",""coordinates"":[0.0,0.0]}"
1_1_1_1_1_1_1_1_1_1_1_1_2_6,25977.867232731387,33,2011,"{""type"":""Point"",""coordinates"":[0.0,0.0]}"
1_1_1_1_1_1_1_1_1_1_1_2_0,640297.7708482161,3,2012,"{""type"":""Point"",""coordinates"":[0.0,0.0]}"
1_1_1_1_1_1_1_1_1_1_1_2_1,1949079.7191194778,4,2012,"{""type"":""Point"",""coordinates"":[0.0,0.0]}"
1_1_1_1_1_1_1_1_1_1_1_2_2,56765.655163907875,12,2012,"{""type"":""Point"",""coordinates"":[0.0,0.0]}"
1_1_1_1_1_1_1_1_1_1_1_2_3,357667.91647077305,21,2012,"{""type"":""Point"",""coordinates"":[0.0,0.0]}"
1_1_1_1_1_1_1_1_1_1_1_2_4,27463.50535316311,22,2012,"{""type"":""Point"",""coordinates"":[0.0,0.0]}"
1_1_1_1_1_1_1_1_1_1_1_2_5,393.0219403259273,29,2012,"{""type"":""Point"",""coordinates"":[0.0,0.0]}"
1_1_1_1_1_1_1_1_1_1_1_2_6,23673.314568436148,33,2012,"{""type"":""Point"",""coordinates"":[0.0,0.0]}"
1_1_1_1_1_1_1_1_1_1_2_0,640345.7455592888,3,2013,"{""type"":""Point"",""coordinates"":[0.0,0.0]}"
1_1_1_1_1_1_1_1_1_1_2_1,1938157.7024021465,4,2013,"{""type"":""Point"",""coordinates"":[0.0,0.0]}"
1_1_1_1_1_1_1_1_1_1_2_2,58014.5517214532,12,2013,"{""type"":""Point"",""coordinates"":[0.0,0.0]}"
1_1_1_1_1_1_1_1_1_1_2_3,368243.1978179429,21,2013,"{""type"":""Point"",""coordinates"":[0.0,0.0]}"
1_1_1_1_1_1_1_1_1_1_2_4,27915.534507509117,22,2013,"{""type"":""Point"",""coordinates"":[0.0,0.0]}"
1_1_1_1_1_1_1_1_1_1_2_5,392.8437615234371,29,2013,"{""type"":""Point"",""coordinates"":[0.0,0.0]}"
1_1_1_1_1_1_1_1_1_1_2_6,22271.3276944414,33,2013,"{""type"":""Point"",""coordinates"":[0.0,0.0]}"
1_1_1_1_1_1_1_1_1_2_0,639593.751496642,3,2014,"{""type"":""Point"",""coordinates"":[0.0,0.0]}"
1_1_1_1_1_1_1_1_1_2_1,1923506.5462904682,4,2014,"{""type"":""Point"",""coordinates"":[0.0,0.0]}"
1_1_1_1_1_1_1_1_1_2_2,58215.65193353799,12,2014,"{""type"":""Point"",""coordinates"":[0.0,0.0]}"
1_1_1_1_1_1_1_1_1_2_3,382910.1438444835,21,2014,"{""type"":""Point"",""coordinates"":[0.0,0.0]}"
1_1_1_1_1_1_1_1_1_2_4,28267.662856121504,22,2014,"{""type"":""Point"",""coordinates"":[0.0,0.0]}"
1_1_1_1_1_1_1_1_1_2_5,392.93283059692345,29,2014,"{""type"":""Point"",""coordinates"":[0.0,0.0]}"
1_1_1_1_1_1_1_1_1_2_6,22454.214212471197,33,2014,"{""type"":""Point"",""coordinates"":[0.0,0.0]}"
1_1_1_1_1_1_1_1_2_0,640558.916099022,3,2015,"{""type"":""Point"",""coordinates"":[0.0,0.0]}"
1_1_1_1_1_1_1_1_2_1,1908919.5885056995,4,2015,"{""type"":""Point"",""coordinates"":[0.0,0.0]}"
1_1_1_1_1_1_1_1_2_2,59076.07212116301,12,2015,"{""type"":""Point"",""coordinates"":[0.0,0.0]}"
1_1_1_1_1_1_1_1_2_3,396324.39274202957,21,2015,"{""type"":""Point"",""coordinates"":[0.0,0.0]}"
1_1_1_1_1_1_1_1_2_4,28561.398467252897,22,2015,"{""type"":""Point"",""coordinates"":[0.0,0.0]}"
1_1_1_1_1_1_1_1_2_5,393.0219019836422,29,2015,"{""type"":""Point"",""coordinates"":[0.0,0.0]}"
1_1_1_1_1_1_1_1_2_6,21507.51362717814,33,2015,"{""type"":""Point"",""coordinates"":[0.0,0.0]}"
1_1_1_1_1_1_1_2_0,641058.4999780965,3,2016,"{""type"":""Point"",""coordinates"":[0.0,0.0]}"
1_1_1_1_1_1_1_2_1,1894062.0286533441,4,2016,"{""type"":""Point"",""coordinates"":[0.0,0.0]}"
1_1_1_1_1_1_1_2_2,59389.586000088835,12,2016,"{""type"":""Point"",""coordinates"":[0.0,0.0]}"
1_1_1_1_1_1_1_2_3,410537.55116276763,21,2016,"{""type"":""Point"",""coordinates"":[0.0,0.0]}"
1_1_1_1_1_1_1_2_4,28574.388802877926,22,2016,"{""type"":""Point"",""coordinates"":[0.0,0.0]}"
1_1_1_1_1_1_1_2_5,393.1109735412594,29,2016,"{""type"":""Point"",""coordinates"":[0.0,0.0]}"
1_1_1_1_1_1_1_2_6,21325.737893616857,33,2016,"{""type"":""Point"",""coordinates"":[0.0,0.0]}"
1_1_1_1_1_1_2_0,640086.3691648243,3,2017,"{""type"":""Point"",""coordinates"":[0.0,0.0]}"
1_1_1_1_1_1_2_1,1876443.9346681905,4,2017,"{""type"":""Point"",""coordinates"":[0.0,0.0]}"
1_1_1_1_1_1_2_2,58884.12537261436,12,2017,"{""type"":""Point"",""coordinates"":[0.0,0.0]}"
1_1_1_1_1_1_2_3,428842.8458322408,21,2017,"{""type"":""Point"",""coordinates"":[0.0,0.0]}"
1_1_1_1_1_1_2_4,28643.30557508667,22,2017,"{""type"":""Point"",""coordinates"":[0.0,0.0]}"
1_1_1_1_1_1_2_5,393.28911644287075,29,2017,"{""type"":""Point"",""coordinates"":[0.0,0.0]}"
1_1_1_1_1_1_2_6,22047.033734924804,33,2017,"{""type"":""Point"",""coordinates"":[0.0,0.0]}"
1_1_1_1_1_2_0,636706.8873665918,3,2018,"{""type"":""Point"",""coordinates"":[0.0,0.0]}"
1_1_1_1_1_2_1,1858952.150085712,4,2018,"{""type"":""Point"",""coordinates"":[0.0,0.0]}"
1_1_1_1_1_2_2,57880.75053253624,12,2018,"{""type"":""Point"",""coordinates"":[0.0,0.0]}"
1_1_1_1_1_2_3,449348.9312080704,21,2018,"{""type"":""Point"",""coordinates"":[0.0,0.0]}"
1_1_1_1_1_2_4,28545.55508063484,22,2018,"{""type"":""Point"",""coordinates"":[0.0,0.0]}"
1_1_1_1_1_2_5,393.8235737976071,29,2018,"{""type"":""Point"",""coordinates"":[0.0,0.0]}"
1_1_1_1_1_2_6,23512.805617029062,33,2018,"{""type"":""Point"",""coordinates"":[0.0,0.0]}"
1_1_1_1_2_0,633993.6393689543,3,2019,"{""type"":""Point"",""coordinates"":[0.0,0.0]}"
1_1_1_1_2_1,1843414.5061387962,4,2019,"{""type"":""Point"",""coordinates"":[0.0,0.0]}"
1_1_1_1_2_2,57750.11377718855,12,2019,"{""type"":""Point"",""coordinates"":[0.0,0.0]}"
1_1_1_1_2_3,467532.26213907945,21,2019,"{""type"":""Point"",""coordinates"":[0.0,0.0]}"
1_1_1_1_2_4,28360.604190485763,22,2019,"{""type"":""Point"",""coordinates"":[0.0,0.0]}"
1_1_1_1_2_5,393.82357231445286,29,2019,"{""type"":""Point"",""coordinates"":[0.0,0.0]}"
1_1_1_1_2_6,23895.954277557183,33,2019,"{""type"":""Point"",""coordinates"":[0.0,0.0]}"
1_1_1_2_0,630963.024118972,3,2020,"{""type"":""Point"",""coordinates"":[0.0,0.0]}"
1_1_1_2_1,1826983.8457281515,4,2020,"{""type"":""Point"",""coordinates"":[0.0,0.0]}"
1_1_1_2_2,57729.52737513401,12,2020,"{""type"":""Point"",""coordinates"":[0.0,0.0]}"
1_1_1_2_3,486240.9272319404,21,2020,"{""type"":""Point"",""coordinates"":[0.0,0.0]}"
1_1_1_2_4,28836.683897194285,22,2020,"{""type"":""Point"",""coordinates"":[0.0,0.0]}"
1_1_1_2_5,393.2000685852047,29,2020,"{""type"":""Point"",""coordinates"":[0.0,0.0]}"
1_1_1_2_6,24193.695044404685,33,2020,"{""type"":""Point"",""coordinates"":[0.0,0.0]}"
1_1_2_0,631289.0316703531,3,2021,"{""type"":""Point"",""coordinates"":[0.0,0.0]}"
1_1_2_1,1814240.563116524,4,2021,"{""type"":""Point"",""coordinates"":[0.0,0.0]}"
1_1_2_2,57422.52963792974,12,2021,"{""type"":""Point"",""coordinates"":[0.0,0.0]}"
1_1_2_3,498607.3424903889,21,2021,"{""type"":""Point"",""coordinates"":[0.0,0.0]}"
1_1_2_4,28996.40827925926,22,2021,"{""type"":""Point"",""coordinates"":[0.0,0.0]}"
1_1_2_5,393.20007609252895,29,2021,"{""type"":""Point"",""coordinates"":[0.0,0.0]}"
1_1_2_6,24391.82819386822,33,2021,"{""type"":""Point"",""coordinates"":[0.0,0.0]}"
1_2_0,630206.2321211628,3,2022,"{""type"":""Point"",""coordinates"":[0.0,0.0]}"
1_2_1,1797050.74652678,4,2022,"{""type"":""Point"",""coordinates"":[0.0,0.0]}"
1_2_2,54017.94314662268,12,2022,"{""type"":""Point"",""coordinates"":[0.0,0.0]}"
1_2_3,516278.70479725505,21,2022,"{""type"":""Point"",""coordinates"":[0.0,0.0]}"
1_2_4,29292.46680348585,22,2022,"{""type"":""Point"",""coordinates"":[0.0,0.0]}"
1_2_5,393.2891923400876,29,2022,"{""type"":""Point"",""coordinates"":[0.0,0.0]}"
1_2_6,28101.520876748233,33,2022,"{""type"":""Point"",""coordinates"":[0.0,0.0]}"
2_0,629485.5820769139,3,2023,"{""type"":""Point"",""coordinates"":[0.0,0.0]}"
2_1,1778433.3491239129,4,2023,"{""type"":""Point"",""coordinates"":[0.0,0.0]}"
2_2,55572.75138337133,12,2023,"{""type"":""Point"",""coordinates"":[0.0,0.0]}"
2_3,534811.4939230352,21,2023,"{""type"":""Point"",""coordinates"":[0.0,0.0]}"
2_4,30369.487791582233,22,2023,"{""type"":""Point"",""coordinates"":[0.0,0.0]}"
2_5,393.55638363647427,29,2023,"{""type"":""Point"",""coordinates"":[0.0,0.0]}"
2_6,26274.682781955584,33,2023,"{""type"":""Point"",""coordinates"":[0.0,0.0]}"
